"source","model_rep","subset_id","removal_fraction","site_rep","n_sites_kept","n_observed_links","n_cooc_links","expected_links_raw","expected_links_conditioned","divergence_raw","relative_divergence_raw","divergence_conditioned","relative_divergence_conditioned"
"empirical",NA,1,0,1,32,113,524,106.82263782427,111.147781335628,6.17736217572957,0.0578282122736165,1.85221866437224,0.0166644681712466
"empirical",NA,2,0.1,1,29,108,504,99.4923984465533,103.374432691349,8.50760155344675,0.0855100659576217,4.6255673086508,0.0447457576136027
"empirical",NA,3,0.1,2,29,110,509,100.738725725279,105.475184953905,9.26127427472107,0.0919336055528156,4.52481504609517,0.0428993326541463
"empirical",NA,4,0.1,3,29,108,494,97.0908159856532,102.111822517415,10.9091840143468,0.112360617259194,5.88817748258467,0.0576640132104236
"empirical",NA,5,0.1,4,29,107,502,96.3789840386414,100.870593051646,10.6210159613586,0.11020053870977,6.12940694835358,0.0607650531529569
"empirical",NA,6,0.1,5,29,105,480,94.8021383584518,99.3089333069046,10.1978616415482,0.10756995378089,5.69106669309539,0.057306694408928
"empirical",NA,7,0.1,6,29,109,503,99.6408171150268,104.333918104823,9.35918288497317,0.0939292064834112,4.66608189517738,0.0447225790034018
"empirical",NA,8,0.1,7,29,103,499,98.9702042360305,102.782420075555,4.0297957639695,0.0407172622818782,0.217579924444962,0.00211689824276389
"empirical",NA,9,0.1,8,29,105,468,93.3261684896891,97.9105338004848,11.6738315103109,0.125086368584826,7.08946619951519,0.0724075942018823
"empirical",NA,10,0.1,9,29,105,506,99.6906395905805,104.35375410407,5.30936040941951,0.053258364388317,0.64624589592988,0.00619283801985112
"empirical",NA,11,0.1,10,29,107,510,99.4803251061642,103.882617326248,7.51967489383583,0.075589568950553,3.11738267375243,0.0300087036117136
"empirical",NA,12,0.1,11,29,107,487,93.504334403885,98.6805484859166,13.495665596115,0.14433197864199,8.31945151408344,0.0843069038602959
"empirical",NA,13,0.1,12,29,106,485,96.874909296603,101.730862281162,9.12509070339698,0.0941945728739583,4.26913771883792,0.0419650204776497
"empirical",NA,14,0.1,13,29,107,511,96.7571211052644,101.156607095119,10.2428788947356,0.105861757540224,5.84339290488063,0.0577658056421958
"empirical",NA,15,0.1,14,29,108,519,100.127210665762,104.689772687168,7.87278933423758,0.0786278703050859,3.31022731283196,0.0316193953608392
"empirical",NA,16,0.1,15,29,105,500,101.107563760034,104.134025989196,3.89243623996565,0.0384979728045257,0.865974010804337,0.00831595631282118
"empirical",NA,17,0.1,16,29,105,474,91.9234471886002,96.6120803841626,13.0765528113998,0.142254813231389,8.38791961583742,0.0868206085872925
"empirical",NA,18,0.1,17,29,108,517,98.4755987028636,102.998012362236,9.52440129713645,0.0967183893532347,5.00198763776368,0.0485639239344936
"empirical",NA,19,0.1,18,29,110,520,100.393555214583,104.773007726168,9.60644478541738,0.0956878632785185,5.22699227383249,0.0498887298100065
"empirical",NA,20,0.1,19,29,108,516,97.1700658326909,101.93191710782,10.8299341673091,0.111453399506349,6.06808289217967,0.0595307442884749
"empirical",NA,21,0.1,20,29,106,491,95.3587428571724,99.9220561680058,10.6412571428276,0.111591835462491,6.07794383199422,0.0608268490970097
"empirical",NA,22,0.1,21,29,111,523,104.205707921746,108.576120636496,6.79429207825424,0.0652007669614075,2.42387936350359,0.0223242398908184
"empirical",NA,23,0.1,22,29,111,519,103.318812325044,107.819273779172,7.68118767495565,0.0743445216035816,3.18072622082836,0.0295005346385741
"empirical",NA,24,0.1,23,29,106,491,97.7479048447892,102.432992149475,8.25209515521081,0.0844222202850696,3.56700785052512,0.0348228415052054
"empirical",NA,25,0.1,24,29,105,487,97.0842505031183,101.338865623228,7.91574949688166,0.0815348468557977,3.66113437677153,0.0361276431727921
"empirical",NA,26,0.1,25,29,111,523,104.707716771979,109.048852601435,6.29228322802106,0.0600937869911127,1.95114739856493,0.0178924156652635
"empirical",NA,27,0.1,26,29,105,509,98.2080661040428,102.733565145263,6.79193389595723,0.0691586156351126,2.26643485473718,0.0220612888449116
"empirical",NA,28,0.1,27,29,108,513,99.0627223703876,103.650012825865,8.93727762961242,0.090218372923335,4.34998717413463,0.0419680331486568
"empirical",NA,29,0.1,28,29,108,511,99.9288747786493,104.499354432108,8.07112522135071,0.0807686991295451,3.50064556789181,0.0334992075971735
"empirical",NA,30,0.1,29,29,105,504,99.3464570248651,103.812706970486,5.65354297513494,0.0569073436984264,1.18729302951363,0.0114368757367166
"empirical",NA,31,0.1,30,29,105,495,95.5510250980677,100.137104210079,9.44897490193235,0.0988893095833823,4.86289578992132,0.0485623768360567
"empirical",NA,32,0.1,31,29,108,491,94.8834440879857,100.014408173092,13.1165559120143,0.138238615156626,7.98559182690843,0.07984441414769
"empirical",NA,33,0.1,32,29,108,515,101.078414437196,105.597050680623,6.92158556280377,0.0684773856153473,2.40294931937727,0.0227558374394846
"empirical",NA,34,0.1,33,29,109,521,103.268830677944,107.620957669799,5.73116932205581,0.0554975715753877,1.37904233020146,0.0128138827237778
"empirical",NA,35,0.1,34,29,106,508,100.94423614336,104.734252349965,5.05576385664007,0.0500847205328289,1.26574765003478,0.0120853266398975
"empirical",NA,36,0.1,35,29,105,496,97.7875420063544,102.428136327496,7.2124579936456,0.0737564095145875,2.5718636725036,0.0251089570182211
"empirical",NA,37,0.1,36,29,106,504,98.5287821898682,103.034960461517,7.47121781013178,0.0758277697549787,2.9650395384828,0.0287770240819398
"empirical",NA,38,0.1,37,29,107,494,92.6576063892786,96.9559016299718,14.3423936107214,0.154789165937067,10.0440983700282,0.103594502254861
"empirical",NA,39,0.1,38,29,109,496,94.0747760773756,98.0979829145972,14.9252239226244,0.158652771177988,10.9020170854028,0.111133957717499
"empirical",NA,40,0.1,39,29,111,516,100.08698782782,104.708428587573,10.9130121721803,0.109035274305127,6.29157141242742,0.0600865803956315
"empirical",NA,41,0.1,40,29,109,508,100.44104989744,105.039447974774,8.55895010255965,0.0852136662380484,3.96055202522564,0.0377053773757149
"empirical",NA,42,0.1,41,29,106,508,100.466671828062,104.106640201359,5.53332817193838,0.0550762563470611,1.89335979864062,0.018186734246524
"empirical",NA,43,0.1,42,29,105,505,99.4255458882485,103.372558646063,5.57445411175154,0.0560666181105716,1.62744135393723,0.0157434562446057
"empirical",NA,44,0.1,43,29,108,503,98.5295818025217,103.193250063899,9.47041819747825,0.0961175113526755,4.806749936101,0.0465800808979713
"empirical",NA,45,0.1,44,29,110,511,100.061063379873,104.875256139751,9.93893662012677,0.0993287127320889,5.12474386024938,0.0488651379637199
"empirical",NA,46,0.1,45,29,106,498,97.9653405653631,101.895560447053,8.03465943463685,0.0820153269336727,4.10443955294727,0.0402808477124971
"empirical",NA,47,0.1,46,29,104,507,98.7761844286325,102.562560496715,5.22381557136751,0.0528853751699815,1.43743950328519,0.0140152458784532
"empirical",NA,48,0.1,47,29,106,495,95.3749988457917,100.082511476832,10.6250011542083,0.111402372558741,5.91748852316785,0.0591260994138589
"empirical",NA,49,0.1,48,29,105,478,93.0585232060183,97.5621889912781,11.9414767939817,0.128322225440275,7.43781100872188,0.0762366146723789
"empirical",NA,50,0.1,49,29,110,499,98.2490171442364,102.481503620712,11.7509828557636,0.119604075412911,7.51849637928844,0.0733644229803137
"empirical",NA,51,0.1,50,29,107,505,97.8977714920596,101.811826990994,9.10222850794037,0.0929768713752451,5.18817300900628,0.0509584511185054
"empirical",NA,52,0.1,51,29,105,473,92.4804369416354,96.6925686056984,12.5195630583646,0.135375258512952,8.30743139430156,0.0859159241924614
"empirical",NA,53,0.1,52,29,108,515,102.675757731795,107.306710793792,5.32424226820521,0.0518549108944778,0.693289206208405,0.00646081872307763
"empirical",NA,54,0.1,53,29,107,515,102.220017505117,106.595595897263,4.779982494883,0.0467617068706109,0.404404102737118,0.00379381623915198
"empirical",NA,55,0.1,54,29,111,518,100.787129879935,105.423342002164,10.2128701200653,0.101331093883035,5.57665799783599,0.052897753874294
"empirical",NA,56,0.1,55,29,109,509,100.733095135535,105.258331833068,8.26690486446489,0.082067416407109,3.74166816693153,0.0355474773518692
"empirical",NA,57,0.1,56,29,105,473,92.3974322836311,96.9748776366777,12.6025677163689,0.136395215807328,8.02512236332225,0.0827546531524263
"empirical",NA,58,0.1,57,29,107,491,92.3804134824493,97.4952806119738,14.6195865175507,0.158254179283666,9.50471938802617,0.0974890202722167
"empirical",NA,59,0.1,58,29,107,493,97.9273289906875,102.605726277459,9.0726710093125,0.0926469771290839,4.3942737225405,0.0428267883476387
"empirical",NA,60,0.1,59,29,107,511,98.9055101232571,103.495064566177,8.09448987674291,0.0818406362462058,3.50493543382338,0.0338657253707229
"empirical",NA,61,0.1,60,29,110,498,96.1235856580574,100.181687670995,13.8764143419426,0.144360140614246,9.81831232900549,0.0980050601787594
"empirical",NA,62,0.1,61,29,107,503,95.4836167734721,100.482200833366,11.5163832265279,0.120611091365021,6.51779916663429,0.0648652110779605
"empirical",NA,63,0.1,62,29,110,522,103.380796293937,107.771918986451,6.61920370606343,0.0640274010585432,2.22808101354859,0.0206740404597295
"empirical",NA,64,0.1,63,29,108,498,97.4311322121406,102.309084258198,10.5688677878594,0.108475263993109,5.69091574180177,0.0556247354090236
"empirical",NA,65,0.1,64,29,102,482,94.8023711315952,98.9740370485357,7.19762886840481,0.0759224561842844,3.02596295146425,0.0305733002482293
"empirical",NA,66,0.1,65,29,107,507,100.63956379431,105.122399081685,6.36043620569018,0.0632001567364683,1.87760091831494,0.0178610927330145
"empirical",NA,67,0.1,66,29,107,519,101.21207793993,105.741684239249,5.7879220600701,0.0571860807314447,1.25831576075122,0.0118999027659157
"empirical",NA,68,0.1,67,29,112,523,104.560002863658,108.92648906396,7.43999713634231,0.0711552881845632,3.07351093604011,0.0282163775079117
"empirical",NA,69,0.1,68,29,110,514,98.2269439551925,102.73392785987,11.7730560448075,0.119855668625688,7.26607214012972,0.0707270936826312
"empirical",NA,70,0.1,69,29,104,477,95.7319867912761,99.8331411138188,8.26801320872393,0.086366255270045,4.1668588861812,0.0417382328121942
"empirical",NA,71,0.1,70,29,107,488,95.2297079029421,99.9356017314223,11.7702920970579,0.123598952010377,7.06439826857768,0.0706895055033871
"empirical",NA,72,0.1,71,29,106,494,96.1776798864804,100.993652461633,9.82232011351959,0.102126814923306,5.00634753836663,0.0495709127884893
"empirical",NA,73,0.1,72,29,109,519,100.541158795481,105.076784588867,8.45884120451937,0.0841331182757325,3.92321541113282,0.037336652681971
"empirical",NA,74,0.1,73,29,110,518,99.6891605073198,104.243084530813,10.3108394926802,0.103429895890468,5.75691546918652,0.0552258741680348
"empirical",NA,75,0.1,74,29,109,523,105.201659549242,109.598678991983,3.79834045075764,0.0361053282527328,-0.598678991983206,-0.00546246540094701
"empirical",NA,76,0.1,75,29,112,519,100.8218486067,105.322240463383,11.1781513932998,0.110870327689637,6.6777595366169,0.0634031284108367
"empirical",NA,77,0.1,76,29,108,517,104.442783971469,108.900603666557,3.5572160285315,0.0340589928118275,-0.900603666556734,-0.00826996027785389
"empirical",NA,78,0.1,77,29,106,491,98.0800700035677,102.179879896938,7.91992999643234,0.080749636456665,3.82012010306246,0.037386226201436
"empirical",NA,79,0.1,78,29,108,512,100.006500284697,103.820111808327,7.99349971530268,0.079929801488372,4.17988819167292,0.0402608716063592
"empirical",NA,80,0.1,79,29,106,501,100.967565493931,104.556731930301,5.0324345060689,0.0498420901945128,1.44326806969899,0.0138036838284224
"empirical",NA,81,0.1,80,29,108,499,97.4770172920351,101.578775326078,10.5229827079649,0.107953474575844,6.42122467392215,0.0632142359790162
"empirical",NA,82,0.1,81,29,102,456,89.8345719283924,94.0669746418487,12.1654280716076,0.135420337743745,7.93302535815126,0.0843337992781793
"empirical",NA,83,0.1,82,29,106,476,93.7852592062767,97.8691285330682,12.2147407937233,0.130241584840721,8.13087146693179,0.083079021840728
"empirical",NA,84,0.1,83,29,109,507,98.1691263336705,102.707659816961,10.8308736663295,0.110328716072261,6.2923401830394,0.061264565800187
"empirical",NA,85,0.1,84,29,106,472,93.1165964539247,98.5867412410836,12.8834035460753,0.138357758301982,7.41325875891644,0.0751952916344815
"empirical",NA,86,0.1,85,29,104,485,91.9345699858306,97.0808605625184,12.0654300141694,0.131239315265508,6.91913943748163,0.0712719211324443
"empirical",NA,87,0.1,86,29,111,515,99.8535180176541,104.396634765816,11.1464819823459,0.111628335221751,6.60336523418432,0.0632526637376493
"empirical",NA,88,0.1,87,29,110,521,102.815512155954,107.199152188141,7.18448784404588,0.0698774697844056,2.8008478118591,0.0261275183123039
"empirical",NA,89,0.1,88,29,104,486,95.1815339629239,100.047856500171,8.81846603707613,0.0926489169686128,3.95214349982935,0.0395025304697318
"empirical",NA,90,0.1,89,29,103,477,93.0226979334571,97.4972500412849,9.97730206654295,0.107256640456506,5.50274995871507,0.0564400529900582
"empirical",NA,91,0.1,90,29,108,499,98.8578125522608,103.894631807101,9.14218744773918,0.0924781482789354,4.10536819289899,0.0395147287351799
"empirical",NA,92,0.1,91,29,103,479,93.3533702839221,97.7487990593107,9.64662971607794,0.103334562927283,5.2512009406893,0.053721385748208
"empirical",NA,93,0.1,92,29,106,493,97.2849707587166,101.456556205503,8.71502924128339,0.0895824830219475,4.54344379449738,0.0447821606057131
"empirical",NA,94,0.1,93,29,110,522,103.152026031655,107.51373110406,6.84797396834549,0.0663871979232287,2.48626889594034,0.0231251289524493
"empirical",NA,95,0.1,94,29,107,518,98.5783796153108,103.235044554006,8.42162038468916,0.0854307041518985,3.76495544599354,0.0364697420557022
"empirical",NA,96,0.1,95,29,109,520,101.254777006178,105.620847545653,7.74522299382249,0.0764924206326578,3.37915245434709,0.0319932336548096
"empirical",NA,97,0.1,96,29,112,523,104.248674552988,108.666361790353,7.75132544701235,0.0743541870460185,3.33363820964729,0.0306777383057951
"empirical",NA,98,0.1,97,29,108,512,102.309096808971,106.959932515388,5.69090319102924,0.055624605910217,1.04006748461155,0.0097238981004585
"empirical",NA,99,0.1,98,29,109,501,95.6812437417477,100.630941019014,13.3187562582523,0.139199238402469,8.36905898098577,0.0831658622709733
"empirical",NA,100,0.1,99,29,103,472,92.8900858246895,98.1858481032871,10.1099141753105,0.108837386525736,4.81415189671286,0.049031016075235
"empirical",NA,101,0.1,100,29,104,484,96.0583967068032,100.616258454358,7.94160329319683,0.0826747433380218,3.38374154564224,0.0336301667108521
"empirical",NA,102,0.2,1,26,103,489,93.8404519432454,97.6596284212545,9.1595480567546,0.0976076720335308,5.34037157874549,0.0546835131883752
"empirical",NA,103,0.2,2,26,99,482,88.7344933782107,92.7483398585958,10.2655066217893,0.115687893523377,6.25166014140422,0.067404550323332
"empirical",NA,104,0.2,3,26,107,516,98.009281363347,102.434937508548,8.990718636653,0.0917333390428807,4.56506249145215,0.0445654832470729
"empirical",NA,105,0.2,4,26,98,484,88.5814560139724,93.3319478651791,9.41854398602763,0.106326362309308,4.66805213482085,0.050015586748109
"empirical",NA,106,0.2,5,26,105,505,91.5691487588153,96.7205810491469,13.4308512411847,0.146674414071057,8.27941895085311,0.0856014186540719
"empirical",NA,107,0.2,6,26,102,453,86.399680699045,89.8184743811977,15.600319300955,0.180559918448026,12.1815256188023,0.135623831318965
"empirical",NA,108,0.2,7,26,101,494,94.4618526215026,98.8082053275138,6.53814737849743,0.0692146850506416,2.19179467248622,0.0221823143657069
"empirical",NA,109,0.2,8,26,103,479,90.9221730467229,94.1018541307592,12.0778269532771,0.132836980777732,8.89814586924081,0.0945586667917977
"empirical",NA,110,0.2,9,26,102,483,91.7996739161057,96.7889815513402,10.2003260838943,0.111115057916396,5.21101844865983,0.053838963538383
"empirical",NA,111,0.2,10,26,102,490,94.1524578576919,97.9147223539523,7.84754214230813,0.0833493072923217,4.08527764604766,0.0417228129522726
"empirical",NA,112,0.2,11,26,105,494,96.1853005051224,100.269205121108,8.81469949487757,0.0916428960411486,4.73079487889245,0.0471809352949242
"empirical",NA,113,0.2,12,26,99,465,90.4958257221171,95.6197558934061,8.50417427788294,0.0939731110249932,3.38024410659393,0.035350896632304
"empirical",NA,114,0.2,13,26,105,486,88.7235758875048,93.2918147813134,16.2764241124952,0.183450948067428,11.7081852186866,0.125500669551042
"empirical",NA,115,0.2,14,26,102,503,94.4502753853293,98.471679139113,7.54972461467072,0.0799333255924355,3.52832086088696,0.0358308184823621
"empirical",NA,116,0.2,15,26,100,467,85.0409296534156,90.16857625332,14.9590703465844,0.175904360495,9.83142374667997,0.109033813720864
"empirical",NA,117,0.2,16,26,98,487,93.1675123552713,96.4188054300609,4.83248764472869,0.0518688062240107,1.58119456993913,0.0163992341834817
"empirical",NA,118,0.2,17,26,104,510,91.5464922441145,96.4482034446568,12.4535077558855,0.136034788997458,7.55179655534316,0.078298986249925
"empirical",NA,119,0.2,18,26,98,483,88.7239214423666,93.5463684656896,9.27607855763335,0.104549916266482,4.45363153431038,0.0476088126921127
"empirical",NA,120,0.2,19,26,107,519,100.891618577719,105.426474040977,6.10838142228128,0.060543992735887,1.5735259590233,0.0149253398952877
"empirical",NA,121,0.2,20,26,106,483,90.2025520623889,94.7050414043817,15.7974479376111,0.175133048637966,11.2949585956183,0.119264596985813
"empirical",NA,122,0.2,21,26,95,458,84.8104163045961,90.1647986458072,10.1895836954039,0.120145427170268,4.83520135419279,0.0536262646488773
"empirical",NA,123,0.2,22,26,105,492,94.280259962705,98.5136383367163,10.719740037295,0.113700789980166,6.48636166328373,0.0658422709058168
"empirical",NA,124,0.2,23,26,98,462,87.0341321511253,91.8219957249092,10.9658678488747,0.125995027213388,6.17800427509076,0.0672824003259472
"empirical",NA,125,0.2,24,26,106,497,95.8071788894263,99.9423474840832,10.1928211105737,0.106388907686526,6.05765251591676,0.0606114691960932
"empirical",NA,126,0.2,25,26,100,490,93.9923960966739,98.0984239439069,6.00760390332611,0.0639158501411872,1.90157605609312,0.0193843690820196
"empirical",NA,127,0.2,26,26,101,473,90.2702839358926,94.9293748382875,10.7297160641074,0.118862106069449,6.07062516171248,0.0639488585282881
"empirical",NA,128,0.2,27,26,105,487,90.8563089790351,96.2344258222156,14.1436910209649,0.155670983995492,8.76557417778437,0.0910856390828161
"empirical",NA,129,0.2,28,26,106,497,94.5213053742734,99.4974238961245,11.4786946257266,0.121440288835144,6.50257610387546,0.0653542157097872
"empirical",NA,130,0.2,29,26,106,506,96.7656376440853,101.413181215116,9.23436235591468,0.0954301814232826,4.58681878488404,0.0452290198367268
"empirical",NA,131,0.2,30,26,94,453,85.5748468051656,89.8211953550405,8.42515319483437,0.0984536170309076,4.1788046449595,0.0465235919923103
"empirical",NA,132,0.2,31,26,108,513,91.8487280817046,96.4998000827477,16.1512719182954,0.175846440725102,11.5001999172523,0.119173303026442
"empirical",NA,133,0.2,32,26,104,474,90.2677401987731,94.9699054949454,13.7322598012269,0.152128099927925,9.03009450505463,0.0950837474039105
"empirical",NA,134,0.2,33,26,102,482,92.9480603851893,96.492008950108,9.05193961481066,0.0973870737839843,5.50799104989204,0.057082354381698
"empirical",NA,135,0.2,34,26,100,453,83.9826479058796,88.2552612070381,16.0173520941204,0.190722160988199,11.7447387929619,0.133076925186476
"empirical",NA,136,0.2,35,26,102,490,89.7034765316439,95.0347361553177,12.2965234683561,0.137079675658037,6.96526384468227,0.0732917681099125
"empirical",NA,137,0.2,36,26,106,506,97.9433320068734,101.866128401229,8.05666799312661,0.0822584634200643,4.13387159877075,0.0405814146826932
"empirical",NA,138,0.2,37,26,101,484,91.7834175055192,96.2363904302388,9.2165824944808,0.100416641098885,4.76360956976119,0.0494990465505281
"empirical",NA,139,0.2,38,26,105,491,93.2122458159982,98.4355157173847,11.7877541840018,0.126461433053238,6.56448428261534,0.0666881687445255
"empirical",NA,140,0.2,39,26,98,488,91.5201350261572,95.426142544658,6.47986497384279,0.070802615970691,2.57385745534199,0.0269722466685423
"empirical",NA,141,0.2,40,26,99,491,92.2035109445502,96.8069380817679,6.79648905544981,0.073711824916701,2.19306191823212,0.0226539746188414
"empirical",NA,142,0.2,41,26,104,504,93.5594074416879,98.1582580181558,10.4405925583121,0.111593188155017,5.84174198184422,0.0595135050253613
"empirical",NA,143,0.2,42,26,94,448,82.2283427270424,87.9295486574682,11.7716572729576,0.143158148182965,6.0704513425318,0.0690376720365004
"empirical",NA,144,0.2,43,26,105,505,96.7959956783318,101.519935793536,8.20400432166819,0.0847556168431944,3.48006420646423,0.0342796139424452
"empirical",NA,145,0.2,44,26,104,471,87.0778053549535,91.7863043305045,16.9221946450465,0.194334188557772,12.2136956694955,0.133066646038132
"empirical",NA,146,0.2,45,26,96,462,86.6888680095215,90.3522997982172,9.31113199047851,0.107408623555401,5.64770020178275,0.062507542302694
"empirical",NA,147,0.2,46,26,106,492,92.534318229266,96.7917131581396,13.465681770734,0.145520948642761,9.20828684186037,0.0951350744956414
"empirical",NA,148,0.2,47,26,107,488,89.411109267499,94.7679145880806,17.588890732501,0.19671929893945,12.2320854119194,0.12907412245049
"empirical",NA,149,0.2,48,26,102,485,90.6128115566564,95.7381694119118,11.3871884433436,0.125668636120221,6.26183058808824,0.0654057898386048
"empirical",NA,150,0.2,49,26,105,508,95.0072602754352,99.8632817009659,9.99273972456483,0.105178695771196,5.13671829903406,0.0514375074756268
"empirical",NA,151,0.2,50,26,103,495,94.328361987934,98.2260468289218,8.67163801206603,0.0919303360019679,4.77395317107825,0.048601703165281
"empirical",NA,152,0.2,51,26,105,499,91.5121169324642,96.5329521450707,13.4878830675358,0.147389040049088,8.46704785492928,0.087711477446633
"empirical",NA,153,0.2,52,26,101,492,88.9629666292943,93.5070416351222,12.0370333707057,0.135303866617483,7.49295836487779,0.0801325572261861
"empirical",NA,154,0.2,53,26,103,478,91.1452062198376,94.6893308442275,11.8547937801624,0.130064918077745,8.31066915577249,0.0877677461829811
"empirical",NA,155,0.2,54,26,95,427,81.4010401368597,86.3907966463126,13.5989598631403,0.167061254257641,8.60920335368743,0.0996541725264308
"empirical",NA,156,0.2,55,26,101,490,93.3945512724426,98.1283658552908,7.60544872755739,0.0814335378663732,2.87163414470916,0.0292640575401402
"empirical",NA,157,0.2,56,26,106,489,91.2388416566578,96.5467236134809,14.7611583433422,0.161785902531403,9.45327638651912,0.0979140050817753
"empirical",NA,158,0.2,57,26,105,511,99.4229128949725,103.819997724413,5.57708710502749,0.0560945856707997,1.18000227558656,0.0113658476348539
"empirical",NA,159,0.2,58,26,102,482,90.8602836551196,94.2950314903183,11.1397163448804,0.122602702707419,7.70496850968168,0.0817112883670099
"empirical",NA,160,0.2,59,26,100,473,85.2690124459179,89.8565561884793,14.7309875540821,0.172758979276619,10.1434438115207,0.112884849384214
"empirical",NA,161,0.2,60,26,98,471,90.7303317510723,95.1023105918268,7.26966824892772,0.0801239024329017,2.89768940817316,0.0304691798773414
"empirical",NA,162,0.2,61,26,94,416,80.0229483388747,84.8202852141416,13.9770516611253,0.174663042930341,9.17971478585842,0.108225464730316
"empirical",NA,163,0.2,62,26,108,519,100.194924973116,104.620974439894,7.80507502688391,0.077898905847558,3.37902556010563,0.0322977832905476
"empirical",NA,164,0.2,63,26,108,498,91.6882991869329,95.7255980324243,16.3117008130671,0.177903843322592,12.2744019675757,0.128224865865222
"empirical",NA,165,0.2,64,26,101,492,96.3368805701363,99.6324953489436,4.66311942986371,0.048404301678305,1.36750465105644,0.0137254883185151
"empirical",NA,166,0.2,65,26,105,486,92.0567516014168,96.8638017099777,12.9432483985832,0.140600750878374,8.13619829002225,0.0839962725640589
"empirical",NA,167,0.2,66,26,107,508,92.2413047659405,97.1306140190835,14.7586952340595,0.160000937448893,9.86938598091646,0.101609426446922
"empirical",NA,168,0.2,67,26,104,503,95.7312177797286,99.5518927228266,8.2687822202714,0.0863749820805303,4.44810727717338,0.0446812928967392
"empirical",NA,169,0.2,68,26,105,500,94.5666908361637,99.6780524679155,10.4333091638363,0.110327527288778,5.32194753208452,0.0533913675108927
"empirical",NA,170,0.2,69,26,101,481,92.5028777612246,96.8600372227335,8.49712223877543,0.0918579231741184,4.1399627772665,0.0427417012833321
"empirical",NA,171,0.2,70,26,92,442,82.6204123344099,86.6383774697229,9.37958766559011,0.113526275173087,5.36162253027713,0.0618850754926803
"empirical",NA,172,0.2,71,26,101,491,90.3094437395754,95.3569035189001,10.6905562604246,0.118376947279765,5.64309648109989,0.0591786884101307
"empirical",NA,173,0.2,72,26,102,500,90.0477070665336,95.1265438467136,11.9522929334664,0.132732895959641,6.87345615328636,0.0722559222204288
"empirical",NA,174,0.2,73,26,105,487,92.3503576931206,96.7294848491255,12.6496423068794,0.136974480910124,8.27051515087447,0.0855014907168633
"empirical",NA,175,0.2,74,26,100,467,90.1539375952428,94.6094689557664,9.84606240475718,0.10921389200949,5.3905310442336,0.0569766547020138
"empirical",NA,176,0.2,75,26,107,507,94.6184209942478,99.2075976138098,12.3815790057522,0.130858017663441,7.79240238619016,0.0785464276286986
"empirical",NA,177,0.2,76,26,100,467,87.8319158999738,92.1261157950981,12.1680841000262,0.138538297557845,7.87388420490188,0.0854685355715479
"empirical",NA,178,0.2,77,26,104,499,94.18528761486,99.0826079443613,9.81471238513998,0.104206427921886,4.91739205563869,0.0496292150323697
"empirical",NA,179,0.2,78,26,95,460,88.3936910971644,92.7581254500741,6.60630890283556,0.0747373349934415,2.24187454992588,0.0241690368261327
"empirical",NA,180,0.2,79,26,104,488,91.9667926171243,96.3065785755,12.0332073828757,0.130842960164679,7.6934214245,0.0798846925962457
"empirical",NA,181,0.2,80,26,95,399,75.6750734217886,81.1295468987061,19.3249265782114,0.255367133514368,13.8704531012939,0.170966727061989
"empirical",NA,182,0.2,81,26,106,493,88.1886898323444,92.2983778806953,17.8113101676556,0.201968191176405,13.7016221193047,0.148449219086119
"empirical",NA,183,0.2,82,26,104,486,90.8338150033542,94.3267911194997,13.1661849966458,0.144948057022152,9.67320888050028,0.102549962377556
"empirical",NA,184,0.2,83,26,97,460,87.9684194690542,92.9069984341708,9.03158053094582,0.102668441532282,4.09300156582917,0.0440548250918822
"empirical",NA,185,0.2,84,26,101,482,87.5037857808409,92.0086977654449,13.4962142191591,0.154235775043622,8.99130223455509,0.0977223072700839
"empirical",NA,186,0.2,85,26,102,472,89.5262944027376,94.7388111800352,12.4737055972624,0.139330078168419,7.26118881996484,0.0766442889616398
"empirical",NA,187,0.2,86,26,96,434,79.3333522208966,84.4138155933433,16.6666477791034,0.210083745518488,11.5861844066567,0.137254598968399
"empirical",NA,188,0.2,87,26,99,484,90.9985811939319,94.9750649857492,8.00141880606806,0.0879290501136035,4.02493501425077,0.0423788603340751
"empirical",NA,189,0.2,88,26,99,444,84.1475539061754,88.1970545860595,14.8524460938246,0.176504787178783,10.8029454139405,0.122486464708403
"empirical",NA,190,0.2,89,26,99,442,82.7671906392038,87.8228709314087,16.2328093607962,0.196126136883851,11.1771290685913,0.127269001229997
"empirical",NA,191,0.2,90,26,100,476,91.6465681068586,95.6675143596229,8.35343189314143,0.0911483328366585,4.33248564037706,0.045286905062578
"empirical",NA,192,0.2,91,26,104,474,90.6820467744844,95.5070311032749,13.3179532255156,0.146864276879808,8.49296889672513,0.0889250644545888
"empirical",NA,193,0.2,92,26,102,475,88.9498077096673,93.5281678547047,13.0501922903327,0.146714114694083,8.47183214529532,0.0905805420935461
"empirical",NA,194,0.2,93,26,101,482,86.3195241622836,91.3931814272449,14.6804758377164,0.170071324884931,9.60681857275506,0.105115265961091
"empirical",NA,195,0.2,94,26,102,491,93.327079811928,98.0074032896947,8.67292018807204,0.0929303713943439,3.99259671030532,0.0407377052782821
"empirical",NA,196,0.2,95,26,106,494,92.6978980490942,97.6803147278556,13.3021019509058,0.143499499242807,8.31968527214437,0.0851725887178354
"empirical",NA,197,0.2,96,26,103,496,90.0146851041875,94.9238127104648,12.9853148958125,0.144257738398824,8.07618728953517,0.085080730102667
"empirical",NA,198,0.2,97,26,99,459,84.2227863796992,89.4480377430289,14.7772136203008,0.175453867717948,9.55196225697111,0.106787834568406
"empirical",NA,199,0.2,98,26,94,421,79.8991746650756,85.1849163700107,14.1008253349244,0.176482740829712,8.8150836299893,0.103481743078786
"empirical",NA,200,0.2,99,26,103,472,89.61767423074,94.7952455966306,13.38232576926,0.149326858615013,8.20475440336941,0.0865523829990587
"empirical",NA,201,0.2,100,26,108,512,95.7211189433099,100.388465181312,12.2788810566901,0.128277659018614,7.61153481868843,0.0758208107369829
"empirical",NA,202,0.4,1,19,89,430,73.3739978620386,77.1178345427139,15.6260021379614,0.212963755462013,11.8821654572861,0.154078048582975
"empirical",NA,203,0.4,2,19,80,422,72.4503172567748,76.9645504870078,7.54968274322522,0.10420496457549,3.03544951299222,0.0394395795698777
"empirical",NA,204,0.4,3,19,83,420,67.1216142606074,73.1123530453832,15.8783857393926,0.236561440220179,9.88764695461683,0.135239074421244
"empirical",NA,205,0.4,4,19,85,426,72.240693258704,77.7670364786697,12.759306741296,0.176622152497944,7.23296352133029,0.0930080899162742
"empirical",NA,206,0.4,5,19,92,452,73.5353008255025,78.0511776756013,18.4646991744975,0.251099797882295,13.9488223243987,0.1787137970214
"empirical",NA,207,0.4,6,19,73,370,60.7387056140055,65.6772506464975,12.2612943859945,0.201869537094106,7.32274935350249,0.111495978918432
"empirical",NA,208,0.4,7,19,93,439,72.2115220900367,76.2984344836972,20.7884779099633,0.287883114886337,16.7015655163028,0.21889787948233
"empirical",NA,209,0.4,8,19,85,411,71.6463835432856,75.9875425467338,13.3536164567144,0.186382281928392,9.01245745326624,0.118604407396428
"empirical",NA,210,0.4,9,19,96,452,73.7416299716177,78.6633011881831,22.2583700283823,0.301842663865029,17.3366988118169,0.220391193224183
"empirical",NA,211,0.4,10,19,84,416,69.8855222035387,74.5434072721477,14.1144777964613,0.201965691196433,9.45659272785225,0.126860215730783
"empirical",NA,212,0.4,11,19,86,424,73.7467760096314,78.1447198321467,12.2532239903686,0.166152673423559,7.85528016785332,0.100522212949593
"empirical",NA,213,0.4,12,19,94,482,80.1153704692759,85.4151310998255,13.8846295307241,0.173307936409641,8.58486890017446,0.100507589107851
"empirical",NA,214,0.4,13,19,79,370,62.5112422155495,67.1912324778782,16.4887577844505,0.263772678322316,11.8087675221218,0.175748636937262
"empirical",NA,215,0.4,14,19,76,382,67.1674607804489,71.2547474713469,8.83253921955111,0.131500269876542,4.74525252865314,0.0665955981467945
"empirical",NA,216,0.4,15,19,86,419,68.8524085786477,74.32303373822,17.1475914213523,0.249048534035889,11.67696626178,0.157111001454926
"empirical",NA,217,0.4,16,19,86,436,72.4807661824707,77.6472898764446,13.5192338175293,0.186521673674014,8.35271012355537,0.107572461792891
"empirical",NA,218,0.4,17,19,85,426,69.3730258935386,74.7603574652277,15.6269741064614,0.225260090722335,10.2396425347723,0.136966206181329
"empirical",NA,219,0.4,18,19,83,401,66.6036182805989,70.9713985685349,16.3963817194011,0.246178543188504,12.0286014314651,0.169485196488688
"empirical",NA,220,0.4,19,19,78,349,56.1171407476875,61.4352932942965,21.8828592523125,0.389949647482962,16.5647067057035,0.26962851184502
"empirical",NA,221,0.4,20,19,88,450,75.7370253377038,80.8227374484968,12.2629746622962,0.16191518755347,7.17726255150323,0.0888025174360971
"empirical",NA,222,0.4,21,19,90,415,66.5304768881804,71.7121347421166,23.4695231118196,0.352763488397437,18.2878652578834,0.255017722225788
"empirical",NA,223,0.4,22,19,85,396,65.5843039522381,69.2684284334122,19.4156960477619,0.296041809971809,15.7315715665878,0.22711027119246
"empirical",NA,224,0.4,23,19,88,399,64.9163504471746,70.8459504090173,23.0836495528254,0.355590685456195,17.1540495909827,0.242131688430272
"empirical",NA,225,0.4,24,19,85,399,64.7778511247512,69.9321622644673,20.2221488752488,0.3121769018905,15.0678377355327,0.215463632863941
"empirical",NA,226,0.4,25,19,75,369,58.9640522886491,63.8983889198805,16.0359477113509,0.271961425460541,11.1016110801195,0.17373851309521
"empirical",NA,227,0.4,26,19,86,455,73.4139090438893,78.4805633043986,12.5860909561107,0.171440141521225,7.51943669560137,0.0958127258393407
"empirical",NA,228,0.4,27,19,94,448,74.5910039295701,79.2037345294173,19.4089960704299,0.26020558844812,14.7962654705827,0.186812724911187
"empirical",NA,229,0.4,28,19,88,436,67.8799084021858,73.3156693329717,20.1200915978142,0.296407170713954,14.6843306670283,0.200289116919027
"empirical",NA,230,0.4,29,19,81,380,60.3327822629717,64.6293915266448,20.6672177370283,0.342553699031257,16.3706084733552,0.253299746240162
"empirical",NA,231,0.4,30,19,85,427,72.3164959319703,77.3426195717113,12.6835040680297,0.17538880866077,7.65738042828869,0.0990059616637221
"empirical",NA,232,0.4,31,19,82,397,62.8631594914768,68.7445456100916,19.1368405085232,0.304420596472212,13.2554543899084,0.192821907138514
"empirical",NA,233,0.4,32,19,85,426,66.3447098686737,72.115163263142,18.6552901313263,0.281187304432465,12.884836736858,0.178670284498176
"empirical",NA,234,0.4,33,19,80,409,67.475409599677,73.011755379168,12.524590400323,0.185617108138059,6.98824462083202,0.0957139652997021
"empirical",NA,235,0.4,34,19,81,402,70.9858816899641,75.5666096687276,10.0141183100359,0.141071971941875,5.43339033127236,0.0719019995086654
"empirical",NA,236,0.4,35,19,86,413,70.2407681847154,74.7329972344937,15.7592318152846,0.224360186008242,11.2670027655063,0.150763426899008
"empirical",NA,237,0.4,36,19,82,396,60.8683640796388,66.6621137450838,21.1316359203612,0.347169440806936,15.3378862549162,0.230084007140373
"empirical",NA,238,0.4,37,19,90,428,64.0342670094012,69.9759611275777,25.9657329905988,0.405497465705146,20.0240388724223,0.286155967703183
"empirical",NA,239,0.4,38,19,81,389,64.7447345623727,70.0357651189939,16.2552654376273,0.251066987107154,10.9642348810061,0.156551939746461
"empirical",NA,240,0.4,39,19,90,447,72.6970856787055,77.3898343982294,17.3029143212945,0.23801386478912,12.6101656017706,0.162943436949119
"empirical",NA,241,0.4,40,19,87,423,73.0821483469266,77.1385696323607,13.9178516530734,0.190441194845618,9.86143036763927,0.127840461842091
"empirical",NA,242,0.4,41,19,93,464,78.8690501618509,83.6522533673335,14.1309498381491,0.179169773303346,9.34774663266653,0.11174530579133
"empirical",NA,243,0.4,42,19,89,443,73.9951309889369,79.8161173476421,15.0048690110631,0.202781842677006,9.18388265235791,0.115063009296195
"empirical",NA,244,0.4,43,19,88,425,71.2843439411432,75.5089561094281,16.7156560588568,0.234492668862299,12.4910438905719,0.165424666611332
"empirical",NA,245,0.4,44,19,90,452,74.7045601871152,80.8035444009947,15.2954398128848,0.204745731379366,9.19645559900528,0.113812527249635
"empirical",NA,246,0.4,45,19,84,409,67.9399048596647,72.9504620692056,16.0600951403353,0.236386777012843,11.0495379307944,0.151466318613747
"empirical",NA,247,0.4,46,19,88,410,69.7578348963456,75.2236725638314,18.2421651036544,0.261507042624828,12.7763274361686,0.169844505070225
"empirical",NA,248,0.4,47,19,83,405,65.9734342799804,71.2511012474303,17.0265657200196,0.258082149365783,11.7488987525697,0.164894275974344
"empirical",NA,249,0.4,48,19,80,396,68.8343730589668,74.2091494136962,11.1656269410332,0.162210047754313,5.79085058630383,0.078034186243281
"empirical",NA,250,0.4,49,19,93,448,73.0253768895439,78.5229714075638,19.9746231104561,0.273529887297523,14.4770285924362,0.184366795256574
"empirical",NA,251,0.4,50,19,93,469,80.1500022181659,84.9382465757352,12.8499977818341,0.160324359653251,8.06175342426481,0.0949131133414268
"empirical",NA,252,0.4,51,19,84,413,69.0703231075494,74.1735880613139,14.9296768924506,0.216151832230516,9.82641193868608,0.132478584298272
"empirical",NA,253,0.4,52,19,85,410,71.0170019309317,76.5547773100006,13.9829980690683,0.196896485191921,8.44522268999943,0.110316076759016
"empirical",NA,254,0.4,53,19,91,458,77.047766519147,81.8445482641076,13.952233480853,0.18108550203575,9.15545173589244,0.111863916779751
"empirical",NA,255,0.4,54,19,95,471,81.813713171928,86.5754654942022,13.186286828072,0.16117453073376,8.42453450579777,0.0973085672448615
"empirical",NA,256,0.4,55,19,79,381,63.9939610916799,70.0199706170928,15.0060389083201,0.234491484076472,8.9800293829072,0.128249545147839
"empirical",NA,257,0.4,56,19,85,410,66.2601445671284,71.5697652479287,18.7398554328716,0.282822435044436,13.4302347520713,0.18765235159773
"empirical",NA,258,0.4,57,19,89,412,72.3251629746355,76.784628484776,16.6748370253645,0.230553742840682,12.215371515224,0.159086157689047
"empirical",NA,259,0.4,58,19,83,411,64.8075469994445,69.6629660467594,18.1924530005555,0.280715037721014,13.3370339532406,0.191450848421936
"empirical",NA,260,0.4,59,19,88,417,65.2903067509553,70.696420506338,22.7096932490447,0.347826413738091,17.303579493662,0.244758919471895
"empirical",NA,261,0.4,60,19,85,389,64.6753317179294,69.3571859840361,20.3246682820706,0.31425688500081,15.6428140159639,0.225539917659929
"empirical",NA,262,0.4,61,19,87,408,66.4763591609229,71.1030217064891,20.5236408390771,0.308735934069349,15.8969782935109,0.223576690722556
"empirical",NA,263,0.4,62,19,81,403,67.8189009483508,72.2133163284996,13.1810990516492,0.19435730846903,8.78668367150044,0.121676778165535
"empirical",NA,264,0.4,63,19,88,448,71.723295278661,77.0273296860107,16.276704721339,0.226937491621103,10.9726703139893,0.14245165136475
"empirical",NA,265,0.4,64,19,87,448,77.9437596316471,81.464841214417,9.05624036835293,0.116189421849185,5.53515878558299,0.0679453700893414
"empirical",NA,266,0.4,65,19,86,406,61.8913775449404,66.9699642884929,24.1086224550596,0.389531198227959,19.0300357115071,0.284157770034484
"empirical",NA,267,0.4,66,19,93,435,71.8769656758527,76.506591366116,21.1230343241473,0.293877657821658,16.493408633884,0.215581538000513
"empirical",NA,268,0.4,67,19,81,378,59.8141103053392,65.719842196376,21.1858896946608,0.354195516517942,15.280157803624,0.232504481035814
"empirical",NA,269,0.4,68,19,82,408,67.7623325534579,71.7134013384907,14.2376674465421,0.210111826290955,10.2865986615093,0.14344039565152
"empirical",NA,270,0.4,69,19,77,377,64.6254867180705,69.3725464977254,12.3745132819295,0.191480388161925,7.62745350227458,0.109949164148453
"empirical",NA,271,0.4,70,19,82,395,62.3334060352903,67.0045121615847,19.6665939647097,0.315506487060492,14.9954878384153,0.223798179475629
"empirical",NA,272,0.4,71,19,84,379,59.6185212156671,66.4533474663392,24.3814787843329,0.408958127225835,17.5466525336608,0.264044674988701
"empirical",NA,273,0.4,72,19,87,427,68.0511107702011,73.7733397849554,18.9488892297989,0.27845084401027,13.2266602150446,0.179287805779154
"empirical",NA,274,0.4,73,19,87,407,68.948323537466,73.6172565501509,18.051676462534,0.261814581361428,13.3827434498491,0.181788130623046
"empirical",NA,275,0.4,74,19,88,423,72.7860428699367,77.0253010771111,15.2139571300633,0.209023001253819,10.9746989228889,0.142481740018154
"empirical",NA,276,0.4,75,19,91,434,73.2013806303437,78.2197500591671,17.7986193696563,0.243145951843951,12.7802499408329,0.163389040890128
"empirical",NA,277,0.4,76,19,84,379,64.1988507012597,69.017447684952,19.8011492987403,0.308434638353297,14.982552315048,0.217083546517682
"empirical",NA,278,0.4,77,19,90,443,78.7154897755662,83.3655463821313,11.2845102244338,0.143358191082953,6.63445361786866,0.0795826802052927
"empirical",NA,279,0.4,78,19,91,399,68.0725144869305,71.6385105946329,22.9274855130695,0.336809734235268,19.3614894053671,0.27026649834925
"empirical",NA,280,0.4,79,19,83,383,69.5475418529978,74.5033641668956,13.4524581470022,0.193428233242759,8.49663583310439,0.114043653304984
"empirical",NA,281,0.4,80,19,88,414,69.7150993625315,75.349017250308,18.2849006374685,0.262280349661178,12.650982749692,0.167898443952701
"empirical",NA,282,0.4,81,19,85,420,69.0863512741491,74.6046861324377,15.9136487258509,0.230344321741674,10.3953138675623,0.139338618074321
"empirical",NA,283,0.4,82,19,93,446,72.820810506242,78.4441530942471,20.179189493758,0.277107455320458,14.5558469057529,0.185556811203822
"empirical",NA,284,0.4,83,19,90,460,77.1125660024171,81.6861017971401,12.8874339975829,0.167124953372437,8.31389820285995,0.1017786137415
"empirical",NA,285,0.4,84,19,77,373,57.9520222191005,64.8955125546698,19.0479777808995,0.328685299520427,12.1044874453302,0.186522718888044
"empirical",NA,286,0.4,85,19,74,340,51.7882591768651,57.7322230219254,22.2117408231349,0.428895297431765,16.2677769780746,0.281779847138339
"empirical",NA,287,0.4,86,19,95,442,73.8084682185886,79.2229421313153,21.1915317814114,0.287115181941607,15.7770578686847,0.199147588365673
"empirical",NA,288,0.4,87,19,85,427,72.6972656262248,78.6336493696576,12.3027343737752,0.169232422537459,6.3663506303424,0.0809621667234865
"empirical",NA,289,0.4,88,19,85,418,63.0941826245485,69.0343536273904,21.9058173754515,0.347192347443589,15.9656463726096,0.231271034400979
"empirical",NA,290,0.4,89,19,85,382,64.4906754820603,69.1835099222668,20.5093245179397,0.318019998466986,15.8164900777332,0.228616473716125
"empirical",NA,291,0.4,90,19,82,395,66.454223277309,72.5255255146619,15.545776722691,0.233932110797828,9.47447448533811,0.130636412740267
"empirical",NA,292,0.4,91,19,88,446,72.1324533737701,77.0680538861397,15.8675466262299,0.219977914018933,10.9319461138603,0.141847958558953
"empirical",NA,293,0.4,92,19,90,419,60.8201888352736,66.7963365025777,29.1798111647264,0.479771794917597,23.2036634974223,0.347379283241483
"empirical",NA,294,0.4,93,19,74,381,65.9328597216768,69.5087855531129,8.06714027832321,0.122353865923261,4.49121444688707,0.0646136227406139
"empirical",NA,295,0.4,94,19,83,421,67.3742897201952,73.1702760875056,15.6257102798048,0.231923933368325,9.82972391249436,0.134340396648754
"empirical",NA,296,0.4,95,19,83,425,69.8884280882193,74.0111116361444,13.1115719117807,0.187607194358844,8.98888836385555,0.121453227294396
"empirical",NA,297,0.4,96,19,85,418,74.025566176757,78.5589955233054,10.974433823243,0.148251940377442,6.44100447669462,0.08198939451541
"empirical",NA,298,0.4,97,19,87,428,69.3371903858471,74.3629303529862,17.6628096141529,0.254737890529787,12.6370696470138,0.169937757791794
"empirical",NA,299,0.4,98,19,86,435,70.9415274372595,75.5473807465937,15.0584725627405,0.212265976032983,10.4526192534063,0.138358459950679
"empirical",NA,300,0.4,99,19,85,415,64.510166502985,70.3402912210465,20.489833497015,0.317621773555133,14.6597087789535,0.20841126080762
"empirical",NA,301,0.4,100,19,88,421,72.3681867998547,76.3939771212677,15.6318132001453,0.216003936140855,11.6060228787323,0.151923270866091
"empirical",NA,302,0.6,1,13,69,334,53.8385638203047,57.8459784776562,15.1614361796953,0.281609224018292,11.1540215223438,0.192822765140919
"empirical",NA,303,0.6,2,13,65,336,50.0112436479685,54.210575907642,14.9887563520315,0.299707730876241,10.789424092358,0.199028029341357
"empirical",NA,304,0.6,3,13,65,331,44.8473201587934,50.6686633744777,20.1526798412066,0.449361963431726,14.3313366255223,0.282844181611887
"empirical",NA,305,0.6,4,13,54,230,34.2603535598911,40.7103552391862,19.7396464401089,0.576165870722897,13.2896447608138,0.326443841689246
"empirical",NA,306,0.6,5,13,66,329,43.8635407524888,49.9292354609853,22.1364592475112,0.504666492210965,16.0707645390147,0.321870831600704
"empirical",NA,307,0.6,6,13,67,302,39.8079982659721,46.2019382497502,27.1920017340279,0.683078851449599,20.7980617502498,0.450155611174217
"empirical",NA,308,0.6,7,13,69,349,54.2558308521487,58.5851730126062,14.7441691478513,0.27175271148331,10.4148269873938,0.177772403013178
"empirical",NA,309,0.6,8,13,68,288,41.7684813255579,48.7356305820956,26.2315186744421,0.628021844270196,19.2643694179044,0.39528306472722
"empirical",NA,310,0.6,9,13,69,364,49.357416937096,55.0997540145907,19.642583062904,0.397966187897104,13.9002459854093,0.252274193124864
"empirical",NA,311,0.6,10,13,75,402,56.7698988976379,62.1930422245632,18.2301011023621,0.32112266282582,12.8069577754368,0.205922677478843
"empirical",NA,312,0.6,11,13,67,332,50.2624363109276,55.4482325137125,16.7375636890724,0.333003429947813,11.5517674862875,0.208334277984978
"empirical",NA,313,0.6,12,13,72,336,45.9177264928676,50.9305766078604,26.0822735071324,0.56802188390542,21.0694233921396,0.413689080223134
"empirical",NA,314,0.6,13,13,69,329,43.9735087669973,50.8184616095575,25.0264912330027,0.569126547658743,18.1815383904425,0.357774277587008
"empirical",NA,315,0.6,14,13,73,353,53.3931326096303,58.9893602922991,19.6068673903697,0.367217026461438,14.0106397077009,0.237511300991849
"empirical",NA,316,0.6,15,13,68,368,50.8778092683246,56.3865423492236,17.1221907316754,0.336535534409011,11.6134576507764,0.205961514342371
"empirical",NA,317,0.6,16,13,77,387,52.4063240793816,58.5207568522775,24.5936759206184,0.469288322595676,18.4792431477225,0.315772456504096
"empirical",NA,318,0.6,17,13,68,336,52.8752964756772,57.415458897456,15.1247035243228,0.286044798468037,10.584541102544,0.184350021854707
"empirical",NA,319,0.6,18,13,75,393,57.9910067715455,62.9849343439444,17.0089932284545,0.293303982382321,12.0150656560556,0.190760945950098
"empirical",NA,320,0.6,19,13,72,390,52.9288309103017,58.154664187687,19.0711690896983,0.360317217699711,13.845335812313,0.238077822401808
"empirical",NA,321,0.6,20,13,63,299,43.4788032838843,49.1117479115183,19.5211967161157,0.448981923183507,13.8882520884817,0.28278879655237
"empirical",NA,322,0.6,21,13,70,356,49.5309843611609,55.8281685988215,20.4690156388391,0.413256790730967,14.1718314011785,0.253847327556391
"empirical",NA,323,0.6,22,13,66,331,45.0728961008794,50.9752485467409,20.9271038991206,0.46429463623289,15.0247514532591,0.294746016578661
"empirical",NA,324,0.6,23,13,67,363,51.3417507729756,57.1652870110162,15.6582492270244,0.304980819533454,9.83471298898378,0.172039947723669
"empirical",NA,325,0.6,24,13,64,326,48.1759618041341,52.4059268620094,15.8240381958659,0.328463358141154,11.5940731379906,0.221235914184269
"empirical",NA,326,0.6,25,13,73,336,53.3453543648071,58.7447700870818,19.6546456351929,0.368441561017345,14.2552299129182,0.242663813166459
"empirical",NA,327,0.6,26,13,68,373,57.1452551155369,62.6362929517423,10.8547448844631,0.189950064314471,5.36370704825772,0.0856325749097276
"empirical",NA,328,0.6,27,13,59,257,33.3787091131035,39.9273127459154,25.6212908868965,0.767593821560891,19.0726872540846,0.47768522202977
"empirical",NA,329,0.6,28,13,75,364,53.698359693051,59.4036733803495,21.301640306949,0.396690707662446,15.5963266196505,0.262548184853661
"empirical",NA,330,0.6,29,13,72,347,46.5515873562943,51.6294913285895,25.4484126437057,0.546671211207685,20.3705086714105,0.394551798733885
"empirical",NA,331,0.6,30,13,67,342,48.3329716446213,53.6861269571156,18.6670283553787,0.38621726991322,13.3138730428844,0.247994664497207
"empirical",NA,332,0.6,31,13,77,396,63.0911496275986,66.3343308665764,13.9088503724014,0.220456442060411,10.6656691334236,0.160786563972076
"empirical",NA,333,0.6,32,13,65,331,47.6922361254728,54.6767190306414,17.3077638745272,0.362905270975185,10.3232809693586,0.188805787040245
"empirical",NA,334,0.6,33,13,71,368,54.193515393253,59.0846354492722,16.806484606747,0.310119845239628,11.9153645507278,0.201666041604977
"empirical",NA,335,0.6,34,13,76,389,55.7192704638033,61.5311577993192,20.2807295361967,0.363980528951318,14.4688422006808,0.235146594313571
"empirical",NA,336,0.6,35,13,59,281,42.8751534924999,48.7120964802379,16.1248465075001,0.376088368064286,10.2879035197621,0.211198126607746
"empirical",NA,337,0.6,36,13,56,271,39.0479073776693,42.9631704925179,16.9520926223307,0.434135751715732,13.0368295074821,0.303441979677746
"empirical",NA,338,0.6,37,13,73,387,56.1688999430643,60.7009426760453,16.8311000569357,0.29965158787152,12.2990573239547,0.202617237587124
"empirical",NA,339,0.6,38,13,69,357,44.7908853948546,53.2350077857048,24.2091146051454,0.540491986075509,15.7649922142952,0.296139568115711
"empirical",NA,340,0.6,39,13,79,387,53.7185623313909,59.6472389886861,25.2814376686091,0.470627592612167,19.3527610113139,0.324453593149295
"empirical",NA,341,0.6,40,13,69,355,47.2306346880947,53.6298928777061,21.7693653119053,0.460916213717377,15.3701071222939,0.286595894519925
"empirical",NA,342,0.6,41,13,67,357,50.9196566032192,56.2073356030691,16.0803433967808,0.315798347229314,10.7926643969309,0.192015228637551
"empirical",NA,343,0.6,42,13,61,308,37.3538556324458,46.7102389599633,23.6461443675542,0.633030887098437,14.2897610400367,0.305923526794303
"empirical",NA,344,0.6,43,13,76,359,56.7906940650204,61.0574495395993,19.2093059349796,0.338247423301194,14.9425504604007,0.244729358547962
"empirical",NA,345,0.6,44,13,62,284,40.187222280618,46.3100877890801,21.812777719382,0.542778935231414,15.6899122109199,0.338801176157987
"empirical",NA,346,0.6,45,13,70,325,48.5671794377955,53.9868997049068,21.4328205622045,0.44130255885367,16.0131002950932,0.296610851569937
"empirical",NA,347,0.6,46,13,78,372,55.7642554040112,61.0152982321659,22.2357445959888,0.398745476558257,16.9847017678341,0.278367921815388
"empirical",NA,348,0.6,47,13,66,346,44.1148612957536,50.6164647689413,21.8851387042464,0.496094469333692,15.3835352310587,0.303923541505374
"empirical",NA,349,0.6,48,13,71,365,49.569037190602,54.5645118228429,21.430962809398,0.432345755012186,16.4354881771571,0.301212044753904
"empirical",NA,350,0.6,49,13,67,338,45.993808200697,52.9819536786278,21.006191799303,0.456717819660443,14.0180463213722,0.264581529144836
"empirical",NA,351,0.6,50,13,60,263,32.7721902387082,38.8288224710248,27.2278097612918,0.830820569603927,21.1711775289752,0.54524387250666
"empirical",NA,352,0.6,51,13,74,386,52.7716697746848,59.3948399449967,21.2283302253152,0.402267548401486,14.6051600550033,0.245899476596427
"empirical",NA,353,0.6,52,13,63,296,44.0167604151359,49.0619713729842,18.9832395848641,0.431272983423296,13.9380286270158,0.284090268633003
"empirical",NA,354,0.6,53,13,75,384,51.0499267253838,56.6743182485853,23.9500732746162,0.469150002965771,18.3256817514147,0.323350722474233
"empirical",NA,355,0.6,54,13,67,332,47.3906285333363,53.0278696816427,19.6093714666637,0.413781628848197,13.9721303183573,0.263486547776483
"empirical",NA,356,0.6,55,13,76,383,51.7787856699973,57.2522517217366,24.2212143300027,0.467782587339382,18.7477482782634,0.327458706242388
"empirical",NA,357,0.6,56,13,72,341,49.2706868333685,55.438638648001,22.7293131666315,0.461315127258142,16.561361351999,0.298733189628858
"empirical",NA,358,0.6,57,13,84,422,60.3693775908313,65.5323486489874,23.6306224091687,0.3914339248175,18.4676513510126,0.281809697527115
"empirical",NA,359,0.6,58,13,68,324,45.3788880988447,51.2662774694588,22.6211119011553,0.49849418636882,16.7337225305412,0.326407988965262
"empirical",NA,360,0.6,59,13,73,399,57.329886480037,62.4653488137211,15.670113519963,0.273332366102269,10.5346511862789,0.168647920588653
"empirical",NA,361,0.6,60,13,63,328,45.2062254805152,51.5323362119766,17.7937745194848,0.39361336476,11.4676637880234,0.222533357324448
"empirical",NA,362,0.6,61,13,79,412,56.0562860367474,61.9027244458504,22.9437139632526,0.409297789514844,17.0972755541496,0.276195849329789
"empirical",NA,363,0.6,62,13,70,344,48.2927504655921,53.5710241091483,21.7072495344079,0.449492922335704,16.4289758908517,0.306676532025567
"empirical",NA,364,0.6,63,13,68,322,48.8799804427678,52.2967721250306,19.1200195572322,0.391162586073849,15.7032278749694,0.300271455328569
"empirical",NA,365,0.6,64,13,70,330,49.0122752083412,53.7300196417032,20.9877247916588,0.428213640408332,16.2699803582968,0.302809871777316
"empirical",NA,366,0.6,65,13,72,350,49.4896384018397,55.6749137346035,22.5103615981603,0.454849991333207,16.3250862653965,0.293221581684284
"empirical",NA,367,0.6,66,13,70,354,49.6799636544613,56.8928951388874,20.3200363455387,0.409018744193747,13.1071048611126,0.230382103584559
"empirical",NA,368,0.6,67,13,57,238,33.7397567410322,40.7934701165126,23.2602432589678,0.689401628989223,16.2065298834874,0.397282453225945
"empirical",NA,369,0.6,68,13,71,367,54.9401799990736,61.8519009235891,16.0598200009264,0.292314659347624,9.1480990764109,0.14790328089855
"empirical",NA,370,0.6,69,13,80,406,58.0642912799197,63.6372295050721,21.9357087200803,0.377783113107011,16.3627704949279,0.257125752050909
"empirical",NA,371,0.6,70,13,60,278,35.5969899839487,43.9287671116937,24.4030100160513,0.685535772183406,16.0712328883063,0.365847574265934
"empirical",NA,372,0.6,71,13,70,347,49.8370350523506,54.7686986819883,20.1629649476494,0.404577939407301,15.2313013180117,0.278102304501546
"empirical",NA,373,0.6,72,13,65,336,46.1903541911634,52.2642792827149,18.8096458088366,0.407220211626673,12.7357207172851,0.243679256503154
"empirical",NA,374,0.6,73,13,76,388,56.2198595601895,61.4805697147987,19.7801404398105,0.351835465163938,14.5194302852013,0.236162910535072
"empirical",NA,375,0.6,74,13,77,421,62.8416411724305,67.2368905978469,14.1583588275695,0.225302181219623,9.76310940215313,0.14520465350707
"empirical",NA,376,0.6,75,13,79,399,62.4164656157523,67.4033584906106,16.5835343842477,0.26569166037595,11.5966415093894,0.172048422646549
"empirical",NA,377,0.6,76,13,67,335,47.8646375321908,53.001718541558,19.1353624678092,0.399780787119509,13.998281458442,0.264109954236033
"empirical",NA,378,0.6,77,13,67,294,39.6606309744573,46.6620436828673,27.3393690255427,0.689332679632609,20.3379563171327,0.435856527317084
"empirical",NA,379,0.6,78,13,69,366,53.5549124151914,56.7037206804086,15.4450875848086,0.288397214901009,12.2962793195914,0.216851366577782
"empirical",NA,380,0.6,79,13,74,336,46.6306925017236,51.6722465743426,27.3693074982764,0.586937616190556,22.3277534256574,0.43210339990799
"empirical",NA,381,0.6,80,13,70,349,47.7493592622069,54.5198084268089,22.2506407377931,0.465988257886513,15.4801915731911,0.283937013351262
"empirical",NA,382,0.6,81,13,63,274,36.8473182875589,43.1298372885499,26.1526817124411,0.709758075427466,19.8701627114501,0.460705719303169
"empirical",NA,383,0.6,82,13,66,343,49.4794240901646,54.9168821314654,16.5205759098354,0.333887797071578,11.0831178685346,0.201816225509721
"empirical",NA,384,0.6,83,13,73,369,54.2038800447246,59.4226793549367,18.7961199552754,0.346767056892724,13.5773206450633,0.228487183554359
"empirical",NA,385,0.6,84,13,73,374,51.3741342145176,56.5694267510791,21.6258657854824,0.420948520420443,16.4305732489209,0.290449703887223
"empirical",NA,386,0.6,85,13,66,294,41.1964230697017,47.7840770617318,24.8035769302983,0.602080838142968,18.2159229382682,0.381213242116934
"empirical",NA,387,0.6,86,13,68,339,45.234010851773,50.0881437716554,22.765989148227,0.503293621757946,17.9118562283446,0.357606708485788
"empirical",NA,388,0.6,87,13,71,353,51.2158658854532,56.8666957124033,19.7841341145468,0.386289165915793,14.1333042875967,0.248533946109234
"empirical",NA,389,0.6,88,13,78,392,55.1537084967394,61.8404787950142,22.8462915032606,0.4142294711626,16.1595212049858,0.26130976861532
"empirical",NA,390,0.6,89,13,68,354,54.7032365075599,59.6360956285302,13.2967634924401,0.243070873706029,8.36390437146977,0.140249026756682
"empirical",NA,391,0.6,90,13,63,343,47.8191836603216,53.0770812704462,15.1808163396784,0.317462892037507,9.9229187295538,0.186952984075991
"empirical",NA,392,0.6,91,13,65,338,51.3223817787355,56.4954083691391,13.6776182212645,0.266503964688007,8.50459163086093,0.150535979407251
"empirical",NA,393,0.6,92,13,71,370,55.5652909828008,59.5270617807632,15.4347090171992,0.277776085469916,11.4729382192368,0.192734831453488
"empirical",NA,394,0.6,93,13,75,366,59.5184463659675,63.5278332745066,15.4815536340325,0.260113537555054,11.4721667254934,0.18058488908195
"empirical",NA,395,0.6,94,13,71,368,51.4788126507254,57.2061268766185,19.5211873492746,0.379208189624,13.7938731233815,0.241125800268422
"empirical",NA,396,0.6,95,13,66,337,44.5877205354219,50.5755735772914,21.4122794645781,0.480228170614095,15.4244264227086,0.304977785355938
"empirical",NA,397,0.6,96,13,65,317,47.8935598376043,52.6525710876143,17.1064401623957,0.357176209502896,12.3474289123857,0.234507615816889
"empirical",NA,398,0.6,97,13,68,373,49.3873924863649,56.356994848492,18.6126075136351,0.376869613409408,11.643005151508,0.206593789871313
"empirical",NA,399,0.6,98,13,69,344,49.2925427877958,53.2555178853824,19.7074572122042,0.39980605782592,15.7444821146176,0.295640390700981
"empirical",NA,400,0.6,99,13,68,343,47.5068343032637,51.5473581781269,20.4931656967363,0.431373001322641,16.4526418218731,0.319175267237156
"empirical",NA,401,0.6,100,13,73,375,55.9939546727391,60.9611615221816,17.0060453272609,0.303712167262591,12.0388384778184,0.197483745014239
"empirical",NA,402,0.8,1,6,40,227,21.8624961026706,28.7899401597501,18.1375038973294,0.829617250114172,11.2100598402499,0.389374197308064
"empirical",NA,403,0.8,2,6,33,163,19.0612282545504,23.8266608068983,13.9387717454496,0.731263041358426,9.17333919310166,0.385003138603701
"empirical",NA,404,0.8,3,6,42,200,25.4201041452793,30.9487450853975,16.5798958547207,0.652235559695761,11.0512549146025,0.357082488614918
"empirical",NA,405,0.8,4,6,39,232,23.0652029601396,30.1766050860117,15.9347970398604,0.690858739348545,8.8233949139883,0.292391900574607
"empirical",NA,406,0.8,5,6,55,282,33.6547545457595,38.7926641236384,21.3452454542405,0.634241602481989,16.2073358763616,0.417793834027646
"empirical",NA,407,0.8,6,6,57,309,35.213130186465,40.1258730644488,21.786869813535,0.618714374387238,16.8741269355512,0.420529838900916
"empirical",NA,408,0.8,7,6,45,246,26.1627359839172,32.1102164914155,18.8372640160828,0.720003597011506,12.8897835085845,0.401423126873981
"empirical",NA,409,0.8,8,6,36,192,20.4205796483479,26.8311995412246,15.5794203516521,0.76292743006992,9.16880045877535,0.341721600806106
"empirical",NA,410,0.8,9,6,39,208,21.400765049741,30.8189975805551,17.599234950259,0.822364757024049,8.18100241944491,0.26545322890731
"empirical",NA,411,0.8,10,6,43,189,17.3528238701266,26.2104621853473,25.6471761298734,1.47798285292492,16.7895378146527,0.640566263041282
"empirical",NA,412,0.8,11,6,53,316,36.2987061011713,40.6677136227613,16.7012938988287,0.460107141347656,12.3322863772387,0.303245136710524
"empirical",NA,413,0.8,12,6,42,223,22.036543063165,28.0870323759846,19.963456936835,0.905925075435483,13.9129676240154,0.4953519986651
"empirical",NA,414,0.8,13,6,50,268,30.4603083143713,36.7901061856165,19.5396916856287,0.641480430334641,13.2098938143835,0.359061040697624
"empirical",NA,415,0.8,14,6,45,228,25.6152297129556,33.3935071772231,19.3847702870444,0.756767380354196,11.6064928227769,0.3475673507781
"empirical",NA,416,0.8,15,6,39,185,17.8260364913545,26.5271439896028,21.1739635086455,1.18781107168241,12.4728560103972,0.470192193146983
"empirical",NA,417,0.8,16,6,41,208,24.6926119798985,31.4612251511378,16.3073880201015,0.660415675481269,9.53877484886218,0.303191461967501
"empirical",NA,418,0.8,17,6,46,228,29.2358894940035,34.5423811445097,16.7641105059965,0.573408601418984,11.4576188554903,0.331697424319326
"empirical",NA,419,0.8,18,6,39,182,18.7025726706706,26.0960216031353,20.2974273293294,1.08527461364499,12.9039783968647,0.494480675756122
"empirical",NA,420,0.8,19,6,35,172,18.7503297683995,23.8374001667698,16.2496702316005,0.866633836967847,11.1625998332302,0.468280926407039
"empirical",NA,421,0.8,20,6,44,254,27.5298532650505,34.5431959680155,16.4701467349495,0.598264966266951,9.45680403198447,0.273767489283295
"empirical",NA,422,0.8,21,6,37,152,15.911263692317,21.8003139132312,21.088736307683,1.3253966947871,15.1996860867688,0.697223266933953
"empirical",NA,423,0.8,22,6,45,206,23.9182616957211,30.6288462449387,21.0817383042789,0.881407627881685,14.3711537550613,0.469203235411978
"empirical",NA,424,0.8,23,6,34,177,18.4149580766931,24.989354990078,15.5850419233069,0.846325137336701,9.01064500992199,0.360579335220923
"empirical",NA,425,0.8,24,6,46,233,26.5891010037277,33.5573119107378,19.4108989962723,0.730032165944644,12.4426880892622,0.370789177701708
"empirical",NA,426,0.8,25,6,44,246,25.7160359991771,33.5358891492571,18.2839640008229,0.710994649463392,10.4641108507429,0.312027237571386
"empirical",NA,427,0.8,26,6,34,158,15.7881164953732,22.4470848320217,18.2118835046268,1.15351843964185,11.5529151679783,0.514673297420678
"empirical",NA,428,0.8,27,6,55,322,33.8693568434557,40.5025797796018,21.1306431565443,0.62388675563608,14.4974202203982,0.357938193055533
"empirical",NA,429,0.8,28,6,44,187,18.8489134560759,25.9044326297554,25.1510865439241,1.33435206238993,18.0955673702446,0.698551002018816
"empirical",NA,430,0.8,29,6,39,189,23.562792692677,27.5402066381539,15.437207307323,0.655151853545812,11.4597933618461,0.416111378989068
"empirical",NA,431,0.8,30,6,35,164,16.4014703560946,22.7129174095077,18.5985296439054,1.13395501989213,12.2870825904923,0.540973331120772
"empirical",NA,432,0.8,31,6,37,195,20.3082985456865,26.463556200946,16.6917014543135,0.821915308008846,10.536443799054,0.398149202588175
"empirical",NA,433,0.8,32,6,47,245,25.2266127102662,30.4158851194706,21.7733872897338,0.863111807352275,16.5841148805294,0.545245184067095
"empirical",NA,434,0.8,33,6,47,244,29.1758954513112,33.8868392385249,17.8241045486888,0.61091885177727,13.1131607614751,0.38696913185598
"empirical",NA,435,0.8,34,6,52,286,32.9444222541076,38.1077577431572,19.0555777458924,0.578415902968718,13.8922422568428,0.364551552743546
"empirical",NA,436,0.8,35,6,43,233,21.0088604038226,29.4387279756986,21.9911395961774,1.04675547238041,13.5612720243014,0.460660937371212
"empirical",NA,437,0.8,36,6,31,137,14.2924989433732,19.5552276765529,16.7075010566268,1.16896989972305,11.4447723234471,0.585253851949244
"empirical",NA,438,0.8,37,6,33,149,17.7067196913516,21.4088569665117,15.2932803086484,0.863699238211693,11.5911430334883,0.541418117352995
"empirical",NA,439,0.8,38,6,53,293,34.802191994266,40.0046426631203,18.197808005734,0.522892581269947,12.9953573368797,0.324846229631742
"empirical",NA,440,0.8,39,6,40,204,21.7315802049247,28.5565300113663,18.2684197950753,0.840639273481609,11.4434699886337,0.400730410315219
"empirical",NA,441,0.8,40,6,32,120,12.6671435078226,19.2021038958594,19.3328564921774,1.52622068900051,12.7978961041406,0.666484056827762
"empirical",NA,442,0.8,41,6,35,150,16.7966607238985,21.4740205998325,18.2033392761015,1.08374751239701,13.5259794001675,0.629876428463193
"empirical",NA,443,0.8,42,6,42,224,24.413944034754,28.9426649404748,17.586055965246,0.720328347611994,13.0573350595252,0.451144878551431
"empirical",NA,444,0.8,43,6,55,312,33.8994721283995,40.2007250262081,21.1005278716005,0.622444142837358,14.7992749737919,0.368134529020157
"empirical",NA,445,0.8,44,6,43,196,23.5132307992166,29.4793809743055,19.4867692007834,0.828757620217491,13.5206190256945,0.458646639747257
"empirical",NA,446,0.8,45,6,42,226,25.1306596479314,32.8005544595313,16.8693403520686,0.671265322454726,9.19944554046871,0.280466159552846
"empirical",NA,447,0.8,46,6,46,224,28.3370634441696,31.653802046488,17.6629365558304,0.623315700676971,14.346197953512,0.453221952056269
"empirical",NA,448,0.8,47,6,35,168,20.4597172458235,25.7727542723939,14.5402827541765,0.710678577786536,9.22724572760615,0.35802326868455
"empirical",NA,449,0.8,48,6,43,215,23.307142537649,29.7171245172233,19.692857462351,0.844928005676386,13.2828754827767,0.446977145284643
"empirical",NA,450,0.8,49,6,37,163,22.3944558947182,26.4615584406692,14.6055441052818,0.652194640224615,10.5384415593308,0.398254758235784
"empirical",NA,451,0.8,50,6,39,167,21.3396572383159,25.1152453023576,17.6603427616841,0.827583243932081,13.8847546976424,0.552841691589572
"empirical",NA,452,0.8,51,6,42,205,24.2694978406715,29.0246391038017,17.7305021593285,0.730567326762536,12.9753608961983,0.447046416315262
"empirical",NA,453,0.8,52,6,41,196,19.7141847049746,25.9126286325882,21.2858152950254,1.07972080071129,15.0873713674118,0.582240095411922
"empirical",NA,454,0.8,53,6,44,240,24.0038659558226,30.8003932819042,19.9961340441774,0.833038064825843,13.1996067180958,0.428553187528644
"empirical",NA,455,0.8,54,6,56,307,35.3693673997727,40.1355650755687,20.6306326002273,0.58329096947207,15.8644349244313,0.3952712486933
"empirical",NA,456,0.8,55,6,42,226,23.8988342450317,31.1333457125624,18.1011657549683,0.757407895689777,10.8666542874376,0.349035866166251
"empirical",NA,457,0.8,56,6,49,271,31.7127951077661,36.6056648147149,17.2872048922339,0.54511766728504,12.3943351852851,0.338590632024329
"empirical",NA,458,0.8,57,6,46,262,25.0330884559717,35.0820660131838,20.9669115440283,0.83756790860644,10.9179339868162,0.311211260554416
"empirical",NA,459,0.8,58,6,43,226,24.052912527165,29.3943625676895,18.947087472835,0.787725289044995,13.6056374323105,0.46286553760026
"empirical",NA,460,0.8,59,6,49,276,29.445513983709,36.1127518270644,19.554486016291,0.664090497014578,12.8872481729356,0.356861427637794
"empirical",NA,461,0.8,60,6,43,219,23.1420155397277,28.1201817984342,19.8579844602723,0.858092261937263,14.8798182015658,0.529150853583541
"empirical",NA,462,0.8,61,6,31,142,16.563076814981,21.392189625112,14.436923185019,0.871632930661838,9.60781037488796,0.449127019873153
"empirical",NA,463,0.8,62,6,54,312,37.4884354182285,43.5814658346903,16.5115645817715,0.440444216931574,10.4185341653097,0.239058828466863
"empirical",NA,464,0.8,63,6,43,187,25.0603027569885,29.8423783352684,17.9396972430115,0.715861153672962,13.1576216647316,0.440903922499421
"empirical",NA,465,0.8,64,6,42,266,26.5361908914182,34.5852958847279,15.4638091085818,0.582744116209337,7.41470411527208,0.214388916607368
"empirical",NA,466,0.8,65,6,40,168,17.5781408040946,24.6063663603585,22.4218591959054,1.27555350965686,15.3936336396415,0.625595563936698
"empirical",NA,467,0.8,66,6,41,205,22.7792682660251,29.8039722768039,18.2207317339749,0.799882222781967,11.1960277231961,0.375655554206437
"empirical",NA,468,0.8,67,6,40,206,22.7400760277035,28.4260481388585,17.2599239722965,0.759009070649952,11.5739518611415,0.407160073908405
"empirical",NA,469,0.8,68,6,33,156,16.336936548133,23.5832119071091,16.663063451867,1.01996254945186,9.41678809289087,0.399300490958663
"empirical",NA,470,0.8,69,6,34,184,19.2891274958797,24.749017041376,14.7108725041203,0.762651006753032,9.25098295862402,0.373791934570897
"empirical",NA,471,0.8,70,6,42,217,21.5879385427465,28.3601904146168,20.4120614572535,0.945530830414187,13.6398095853832,0.48094915393633
"empirical",NA,472,0.8,71,6,55,308,35.1785936971142,41.8916984634352,19.8214063028858,0.563450786962861,13.1083015365648,0.312909287934608
"empirical",NA,473,0.8,72,6,44,217,24.526172657649,27.5528895507644,19.473827342351,0.794001885829411,16.4471104492356,0.596928696677452
"empirical",NA,474,0.8,73,6,51,286,31.8109993169914,38.0935907245906,19.1890006830086,0.603219046713793,12.9064092754094,0.338807894711744
"empirical",NA,475,0.8,74,6,45,223,28.8793401795832,34.8709216160714,16.1206598204168,0.558207345464684,10.1290783839286,0.290473492368503
"empirical",NA,476,0.8,75,6,49,288,31.0412726760825,38.8135177169142,17.9587273239175,0.578543525303163,10.1864822830858,0.262446768092001
"empirical",NA,477,0.8,76,6,54,316,35.2150876172914,41.8287373579465,18.7849123827086,0.533433640343545,12.1712626420535,0.290978485386704
"empirical",NA,478,0.8,77,6,45,219,22.8286159333957,30.2747404619281,22.1713840666043,0.971210174602394,14.7252595380719,0.486387639114183
"empirical",NA,479,0.8,78,6,45,220,21.4623311758039,29.0834663337981,23.5376688241961,1.09669674889427,15.9165336662019,0.54727086116641
"empirical",NA,480,0.8,79,6,47,226,27.3214270395129,32.3315738081126,19.6785729604871,0.720261534363763,14.6684261918874,0.453687354625674
"empirical",NA,481,0.8,80,6,33,131,13.2278101120759,19.7600227207953,19.7721898879241,1.49474400678566,13.2399772792047,0.670038565556462
"empirical",NA,482,0.8,81,6,42,210,22.1153507219492,28.6669942670113,19.8846492780508,0.899133345342585,13.3330057329887,0.465099536030942
"empirical",NA,483,0.8,82,6,38,198,23.4201395757211,29.0587018542506,14.5798604242789,0.622535163684223,8.94129814574945,0.307697783286956
"empirical",NA,484,0.8,83,6,43,214,22.616720527165,28.4181972959052,20.383279472835,0.901248235718022,14.5818027040948,0.513114978837727
"empirical",NA,485,0.8,84,6,45,218,24.8586831470251,30.2999213450299,20.1413168529749,0.810232655279861,14.7000786549701,0.485152370119314
"empirical",NA,486,0.8,85,6,41,206,25.1543566172821,29.7146398541506,15.8456433827179,0.629936341597036,11.2853601458494,0.379791247723065
"empirical",NA,487,0.8,86,6,37,174,19.9535185691264,26.369521954354,17.0464814308736,0.85430954805381,10.630478045646,0.403135030815028
"empirical",NA,488,0.8,87,6,44,234,24.0193828822212,29.9459356017748,19.9806171177788,0.831853891324082,14.0540643982252,0.469314586964926
"empirical",NA,489,0.8,88,6,44,223,28.0524456043646,33.7961105655901,15.9475543956354,0.568490698477788,10.2038894344099,0.301924963069541
"empirical",NA,490,0.8,89,6,29,133,13.6448353360759,21.7795531282642,15.3551646639241,1.12534627833333,7.22044687173576,0.331524105623888
"empirical",NA,491,0.8,90,6,32,180,17.58064278712,24.3681169078172,14.41935721288,0.820183732044427,7.63188309218285,0.313191336082871
"empirical",NA,492,0.8,91,6,47,246,26.462655593921,32.636280616466,20.537344406079,0.776087809221871,14.363719383534,0.440115083956197
"empirical",NA,493,0.8,92,6,45,193,26.4768573903675,30.5637828661616,18.5231426096325,0.69959747626134,14.4362171338384,0.472330836698272
"empirical",NA,494,0.8,93,6,36,155,16.6212525923357,22.3065199754096,19.3787474076643,1.16590174537147,13.6934800245904,0.6138779172944
"empirical",NA,495,0.8,94,6,51,274,26.1574701196452,33.3510853353779,24.8425298803548,0.949729838807963,17.6489146646221,0.529185616814116
"empirical",NA,496,0.8,95,6,38,200,21.833570206709,27.6951519608998,16.166429793291,0.740439132960648,10.3048480391002,0.372081296165069
"empirical",NA,497,0.8,96,6,46,195,19.9496649603479,26.6161376324726,26.0503350396521,1.30580313461053,19.3838623675274,0.72827480212149
"empirical",NA,498,0.8,97,6,39,210,23.0785796186115,29.5830500061303,15.9214203813885,0.689878694638072,9.41694999386973,0.318322485068927
"empirical",NA,499,0.8,98,6,42,205,23.0790629180317,26.4834188316823,18.9209370819683,0.819831253511826,15.5165811683177,0.585897963814065
"empirical",NA,500,0.8,99,6,41,235,24.7796916747794,31.2502470332865,16.2203083252206,0.654580716261679,9.74975296671351,0.311989628636486
"empirical",NA,501,0.8,100,6,41,219,24.6698371905515,30.9284563032989,16.3301628094485,0.661948544018073,10.0715436967011,0.325640038349631
