"removal_fraction","rep","n_sites_kept","n_predators","n_resources","n_realised_links","n_cooc_links","n_expected_links_raw","n_expected_links_conditioned","divergence_raw","relative_divergence_raw","divergence_conditioned","relative_divergence_conditioned","mean_abs_species_error_raw","mean_abs_species_error_conditioned"
0,1,374,126,94,939,3168,900.405902734709,937.864207231116,38.5940972652913,0.0428629989519988,1.13579276888379,0.00121104181194527,1.85082666055324,1.78806827664135
0.1,1,337,121,94,896,2998,821.269782538908,858.410807350449,74.7302174610921,0.0909935067013765,37.5891926495514,0.0437892816908647,1.77534394814396,1.69241542007794
0.1,2,337,124,93,912,3084,861.744613159409,899.019207897712,50.255386840591,0.0583181908806368,12.9807921022876,0.0144388373332337,1.82791761513965,1.76197589438535
0.1,3,337,117,93,869,2914,803.645762236777,838.677657112776,65.3542377632234,0.0813221954674704,30.3223428872242,0.036154942998734,1.81485472949793,1.73167277681812
0.1,4,337,115,93,872,2858,799.141342869299,833.069919287414,72.8586571307007,0.0911711773903517,38.930080712586,0.0467308683356203,1.87742359105759,1.78448518572042
0.1,5,337,119,94,881,2954,802.565559738689,837.296375358193,78.4344402613109,0.097729636301424,43.7036246418065,0.0521961230551252,1.82665395182774,1.76799563430232
0.1,6,337,119,92,892,2949,805.316778570673,841.17885694589,86.6832214293272,0.107638663114878,50.8211430541103,0.0604165720933942,1.78799635987605,1.69608377738852
0.1,7,337,124,94,893,2995,822.69585043527,861.311636698644,70.3041495647295,0.0854558212825957,31.6883633013558,0.0367908222194877,1.84313875773565,1.77968283027353
0.1,8,337,124,93,912,3075,854.782173548886,892.465754999046,57.2178264511141,0.0669384882157252,19.5342450009538,0.0218879490798778,1.81458814261838,1.75451257590552
0.1,9,337,118,93,870,2881,805.9154601558,841.621847474676,64.0845398442004,0.0795176951088786,28.378152525324,0.0337184123849374,1.88647090294352,1.81967013812137
0.1,10,337,122,93,904,3042,837.212714867365,873.636285355284,66.7872851326346,0.0797733765226144,30.3637146447162,0.0347555557772742,1.79825357355177,1.73984771700612
0.1,11,337,125,93,886,2972,812.709369382369,851.612270643423,73.2906306176305,0.090180614840615,34.3877293565765,0.0403795606780012,1.83716144693133,1.76182442856703
0.1,12,337,122,94,892,3041,826.857637865001,863.17863646593,65.1423621349988,0.0787830445676242,28.8213635340696,0.0333898017356772,1.79921890636153,1.76164230985218
0.1,13,337,122,93,894,3009,834.592540485032,872.257019065301,59.4074595149683,0.0711813928751904,21.7429809346993,0.0249272639364929,1.83023721210043,1.75098740101588
0.1,14,337,117,94,896,2972,822.158327618988,856.099731063012,73.8416723810118,0.0898144188295957,39.9002689369879,0.0466070336074561,1.83158539071815,1.75895052934929
0.1,15,337,116,93,862,2811,776.610359202686,813.027468720913,85.3896407973144,0.109951714892112,48.9725312790868,0.060234780697056,1.9060147663145,1.81211308755825
0.1,16,337,122,94,906,3089,854.493855292788,890.102227750683,51.5061447072121,0.0602767877009061,15.8977722493173,0.0178606139313812,1.87664159010448,1.8247501976406
0.1,17,337,121,94,889,2937,817.906281841152,855.56993688913,71.0937181588482,0.0869215944873444,33.4300631108697,0.0390734429407631,1.82639879599384,1.73579702710027
0.1,18,337,121,94,891,3007,847.294193037257,884.290800987708,43.7058069627431,0.0515828000733403,6.70919901229206,0.00758709578884935,1.90116431505354,1.82375971417394
0.1,19,337,119,93,896,2959,834.457329371043,870.44009852689,61.5426706289571,0.0737517287736496,25.5599014731098,0.0293643428380272,1.8898262287792,1.80391194865265
0.1,20,337,116,94,881,2985,832.163298446784,865.881724816856,48.836701553216,0.058686440082576,15.1182751831439,0.0174599772114853,1.9391648533543,1.87209880792711
0.1,21,337,119,94,895,2970,812.928307458098,849.381224580384,82.0716925419016,0.100958094076619,45.6187754196163,0.0537082456021478,1.85110268654859,1.75433198696024
0.1,22,337,118,94,856,2816,777.215873083071,814.41128022227,78.7841269169289,0.101367110021064,41.5887197777296,0.0510659918246456,1.9225777848158,1.83158237527142
0.1,23,337,124,94,914,3137,876.10718257126,912.048353154456,37.89281742874,0.0432513489017743,1.95164684554413,0.00213985019411972,1.76929195265704,1.72226762840476
0.1,24,337,119,93,873,2877,775.926942817172,812.280810879134,97.0730571828279,0.125105924058241,60.7191891208655,0.0747514754843819,1.69040595638157,1.60323075231622
0.1,25,337,121,93,891,2968,817.603707481326,855.788985377555,73.3962925186743,0.0897700094154119,35.2110146224453,0.0411445055078747,1.8502079960326,1.75219749188658
0.1,26,337,121,94,912,3064,851.328806524714,886.668253629247,60.6711934752865,0.0712664636862905,25.3317463707526,0.0285695876299467,1.87723910084914,1.80067105401498
0.1,27,337,124,93,880,2995,830.911529358034,869.602239751355,49.0884706419655,0.059077854750543,10.3977602486449,0.0119569152117385,1.76618978921077,1.69929635928704
0.1,28,337,116,93,859,2832,781.26179029949,816.482155780379,77.7382097005095,0.0995034067526958,42.5178442196213,0.0520744316561132,1.93545443765417,1.8404132293207
0.1,29,337,122,93,899,3012,840.730761387844,878.311934122093,58.269238612156,0.0693078465643002,20.6880658779073,0.0235543490577591,1.83797675123711,1.75664862596658
0.1,30,337,122,94,904,3055,844.677452030896,881.30941142706,59.3225479691043,0.0702310069085809,22.6905885729395,0.0257464498605521,1.78895244512895,1.73290298193272
0.1,31,337,121,93,910,3079,865.724782631781,901.670344457442,44.275217368219,0.0511423702503046,8.32965554255782,0.00923802761592429,1.84535640969494,1.77274348294995
0.1,32,337,124,93,887,2999,814.609280326891,852.802899909077,72.3907196731087,0.0888655720249828,34.1971000909234,0.0400996526800852,1.787904866533,1.72160491128384
0.1,33,337,117,94,879,2933,808.245432418471,842.988595851008,70.7545675815292,0.0875409433120011,36.0114041489918,0.042718732289181,2.00674112864469,1.92429740740157
0.1,34,337,118,94,883,2966,806.265699143918,841.526311080806,76.7343008560824,0.0951724734632242,41.4736889191936,0.0492838885404869,1.84728905738916,1.76449511110707
0.1,35,337,120,93,907,3029,836.07545546383,871.732675747589,70.9245445361703,0.0848303153413629,35.2673242524106,0.0404565817406875,1.82914344678415,1.77877389798444
0.1,36,337,121,94,898,3072,851.971175951634,886.881445724612,46.0288240483659,0.0540262691363386,11.1185542753883,0.012536686080183,1.75200428043172,1.69799386472352
0.1,37,337,124,94,922,3099,858.609782213939,896.329642289011,63.3902177860613,0.0738289023712362,25.6703577109887,0.0286394162369023,1.80209739469024,1.72747272869253
0.1,38,337,112,94,870,2820,790.882736414555,825.220550795578,79.1172635854455,0.100036655173587,44.7794492044221,0.0542636137227208,1.91464821420737,1.79949656687419
0.1,39,337,124,94,892,3043,845.232717948354,882.675211772983,46.7672820516462,0.0553306575320051,9.32478822701717,0.0105642348427197,1.8239992141725,1.7652211555483
0.1,40,337,122,93,892,3055,831.716167709053,867.64022333552,60.2838322909472,0.0724812557834459,24.3597766644797,0.0280758959869702,1.81459181737308,1.7690942011447
0.1,41,337,123,94,907,3113,863.215851837582,898.408498985566,43.7841481624179,0.0507221317463202,8.59150101443356,0.00956302286113122,1.8029086480184,1.75778791989524
0.1,42,337,119,93,895,2965,816.964482440521,852.65444170172,78.0355175594793,0.0955188618804621,42.3455582982805,0.0496632119968409,1.85935208873353,1.78843126479412
0.1,43,337,123,94,907,3079,847.999145689172,884.919220073255,59.000854310828,0.0695765492344663,22.0807799267453,0.0249523113815038,1.84162298832678,1.78089713508297
0.1,44,337,119,94,877,2931,803.518448597236,840.626688703745,73.4815514027639,0.0914497377515679,36.373311296255,0.0432692796755514,1.81083778965632,1.72409094588986
0.1,45,337,123,94,914,3081,862.847900377616,900.075585892572,51.1520996223841,0.0592828696691479,13.924414107428,0.0154702719701253,1.8218401202959,1.74262419008505
0.1,46,337,117,94,899,3013,840.606714669497,873.499224859546,58.3932853305029,0.069465642269419,25.5007751404544,0.0291938154204485,1.87404181603505,1.82802364360887
0.1,47,337,117,93,882,2870,795.789679113262,831.07432478176,86.2103208867383,0.10833304722273,50.9256752182403,0.0612769203664346,1.87434374426479,1.78135206239196
0.1,48,337,125,93,924,3132,877.557376971985,914.807797906176,46.4426230280151,0.0529226056856425,9.19220209382365,0.0100482332079622,1.83442189081453,1.77597174827645
0.1,49,337,126,94,914,3108,857.512149750496,895.988843272833,56.4878502495042,0.0658741106653008,18.0111567271667,0.0201019877227224,1.82188531464141,1.76050506610735
0.1,50,337,119,92,859,2876,779.911741810255,816.112002589351,79.0882581897453,0.10140667712756,42.8879974106489,0.052551607223732,1.93508153966276,1.84975701198593
0.1,51,337,122,94,893,3025,849.09191950345,886.041610987504,43.9080804965502,0.0517118105684337,6.95838901249624,0.00785334337147105,1.8320852591307,1.7806797977205
0.1,52,337,125,94,911,3069,847.504762280185,885.469603350921,63.495237719815,0.0749202134852706,25.5303966490789,0.028832606508979,1.81223281796984,1.75118573892658
0.1,53,337,119,94,905,2999,831.370447127493,865.960967198853,73.629552872507,0.0885640728834035,39.0390328011472,0.0450817464988379,1.91981515428596,1.85594185014554
0.1,54,337,120,94,889,3017,832.606315152483,869.267815036569,56.393684847517,0.067731512266021,19.7321849634311,0.0226997763199147,1.86402509239877,1.79493603130284
0.1,55,337,123,93,911,3092,848.590616312213,884.467093574332,62.4093836877873,0.0735447487729769,26.5329064256679,0.0299987490981065,1.82272607579054,1.78177776896033
0.1,56,337,126,94,920,3137,880.167601952014,918.221438214324,39.8323980479861,0.0452554694806384,1.77856178567572,0.00193696390832968,1.80888850495834,1.74897635092195
0.1,57,337,123,94,906,3057,845.285900262409,882.039306425631,60.7140997375911,0.0718267035079411,23.9606935743686,0.0271651086293045,1.76593943809779,1.68894324198552
0.1,58,337,121,94,903,3045,851.969605133567,887.656280723412,51.0303948664331,0.0598969664632963,15.3437192765882,0.0172856539291127,1.8924105311452,1.81488274692743
0.1,59,337,124,94,918,3114,860.910372063441,897.888970071793,57.0896279365589,0.0663130911057858,20.1110299282072,0.0223981256018762,1.88039569010615,1.83720816906615
0.1,60,337,123,94,891,3034,840.006245498803,878.112957741849,50.9937545011969,0.0607063992374442,12.8870422581515,0.014675836570379,1.84977598683709,1.76757808548281
0.1,61,337,121,92,894,3034,832.322922375774,868.279671983032,61.6770776242256,0.0741023417307494,25.7203280169681,0.0296221699607759,1.81441700113161,1.75620325396202
0.1,62,337,123,94,910,3088,843.065008036011,878.882469685986,66.9349919639893,0.0793948169191838,31.1175303140138,0.0354057924549704,1.90353829433552,1.84491051252937
0.1,63,337,123,94,914,3117,866.07563224612,902.672471148441,47.92436775388,0.0553350838766711,11.3275288515592,0.0125488803675907,1.80171360009321,1.73823578835107
0.1,64,337,124,93,899,3089,851.114073680593,887.874556743691,47.8859263194067,0.0562626418716434,11.1254432563093,0.0125304224248887,1.760173136771,1.70668562431633
0.1,65,337,124,93,895,3045,837.503155025374,875.30598511085,57.4968449746264,0.0686526905953977,19.6940148891498,0.0224995775467658,1.77835107008995,1.71069620843251
0.1,66,337,122,94,913,3075,854.737961946692,890.005175230789,58.2620380533083,0.0681636251660272,22.9948247692113,0.0258367315260256,1.81018003947398,1.75742418190591
0.1,67,337,118,94,886,2941,817.884453800559,853.03375348672,68.1155461994408,0.0832826029189335,32.9662465132801,0.0386458875496224,1.90160489166807,1.81153565759299
0.1,68,337,122,94,898,3012,839.42619444037,876.753224324482,58.5738055596297,0.0697783866497992,21.2467756755183,0.0242334730983036,1.85405662694624,1.78789101724822
0.1,69,337,125,94,906,3118,867.16199705582,903.998374652079,38.8380029441802,0.0447874827033964,2.00162534792071,0.00221419131277871,1.77470536228167,1.72080452696191
0.1,70,337,116,94,887,2973,830.897902675991,864.757480798586,56.1020973240092,0.0675198446684324,22.2425192014144,0.0257211064319142,1.91234088235716,1.85042787515522
0.1,71,337,123,94,888,2991,832.352658532473,870.554709830192,55.6473414675266,0.0668554859494759,17.4452901698075,0.0200392806710682,1.80793731466893,1.72453785145839
0.1,72,337,119,93,865,2881,803.861456739882,840.895456981252,61.1385432601177,0.0760560700447928,24.104543018748,0.0286653267283443,1.80754379965938,1.73644282834819
0.1,73,337,123,94,915,3142,870.006986863069,905.106845879087,44.9930131369313,0.05171569173158,9.89315412091287,0.010930371553321,1.92796162489725,1.88252139054502
0.1,74,337,124,94,914,3086,861.796724591094,898.729425098106,52.2032754089056,0.0605749290050679,15.270574901894,0.0169912929024517,1.81551902226083,1.75639255483042
0.1,75,337,118,94,899,3040,848.206846178762,882.320700479643,50.7931538212382,0.059882980254245,16.6792995203567,0.0189038968611862,1.87250394956517,1.79113071993351
0.1,76,337,125,93,891,3043,823.382338526265,862.826050166608,67.6176614737346,0.0821218264102682,28.1739498333919,0.0326531052556325,1.74145872425882,1.68033040830783
0.1,77,337,124,94,896,2986,824.890564688566,864.066862615698,71.1094353114344,0.0862046898769917,31.9331373843024,0.0369567897646655,1.92538577955384,1.85289235315683
0.1,78,337,120,94,908,3075,864.253836248382,898.994586544667,43.7461637516179,0.0506172630271617,9.00541345533338,0.0100172054316213,1.8645352564948,1.80521621523664
0.1,79,337,119,93,904,3043,851.546846690839,885.643976457192,52.4531533091612,0.0615974957960295,18.3560235428077,0.0207261879838405,1.85783444565762,1.80335261473567
0.1,80,337,123,93,903,3058,852.763321626239,888.977245806533,50.2366783737615,0.0589104586228674,14.0227541934668,0.0157740305048466,1.81381793413769,1.76197495061737
0.1,81,337,121,93,880,2920,800.171086657855,837.253936233339,79.8289133421451,0.0997648061436131,42.7460637666609,0.0510550765027968,1.8659771885707,1.79314026949092
0.1,82,337,121,94,911,3039,842.543390575792,878.343074359381,68.4566094242076,0.0812499512665152,32.6569256406186,0.0371801481607138,1.83555103413477,1.77638229250547
0.1,83,337,119,94,889,3031,836.425029371278,871.619198691379,52.574970628722,0.0628567639448109,17.3808013086215,0.0199408197234715,1.86972182355509,1.79172060509705
0.1,84,337,122,94,908,3087,852.717336859544,888.448850575043,55.2826631404563,0.0648311706010995,19.5511494249567,0.0220059369904102,1.79209691444519,1.73212800001697
0.1,85,337,113,94,881,2913,810.204521650441,843.915272563666,70.7954783495589,0.0873797620943213,37.0847274363341,0.0439436619314605,1.89784715391573,1.80458777602307
0.1,86,337,125,93,903,3056,833.038799348648,871.181734806362,69.9612006513516,0.0839831238425559,31.8182651936379,0.036523108695237,1.7686922447447,1.70638549059547
0.1,87,337,122,94,910,3114,867.938372375923,903.32007498762,42.061627624077,0.0484615370892476,6.67992501238029,0.00739485947156864,1.82218043791922,1.77535187715166
0.1,88,337,120,93,887,2972,825.963613712112,862.244045387672,61.0363862878885,0.0738971853900124,24.7559546123279,0.0287110763417303,1.82157617928817,1.76454776686709
0.1,89,337,120,94,888,2990,827.775961927228,864.357775253505,60.2240380727718,0.0727540310938218,23.6422247464949,0.0273523596632898,1.82355338658752,1.74606859973153
0.1,90,337,125,94,908,3107,857.697054155247,895.821396332386,50.302945844753,0.0586488499652092,12.1786036676135,0.0135949015255433,1.82680670014435,1.75971474218029
0.1,91,337,122,94,906,3052,848.083912902742,884.873070870199,57.9160870972578,0.068290514907927,21.1269291298007,0.0238756606176569,1.82482611356226,1.74234160794743
0.1,92,337,123,94,896,3026,844.571027882136,881.717923715783,51.428972117864,0.0608936021009723,14.2820762842166,0.016198010610954,1.83052044717169,1.75493913497904
0.1,93,337,119,94,904,3058,843.330894450105,877.011304656576,60.6691055498951,0.0719398588966132,26.9886953434243,0.0307734862710723,1.87446626714863,1.81647283101522
0.1,94,337,124,94,909,3082,853.222138257383,890.72848207847,55.7778617426173,0.0653732002975659,18.2715179215301,0.0205130051291213,1.79177829226525,1.73554014973792
0.1,95,337,121,94,876,2921,814.947078360447,851.901890046763,61.0529216395532,0.0749164249565539,24.0981099532369,0.0282874239801417,1.87722112472144,1.80414440982959
0.1,96,337,118,94,873,2929,806.801107611911,842.477023721354,66.198892388089,0.0820510678078198,30.5229762786455,0.0362300400120358,1.84621754128654,1.74566964378469
0.1,97,337,125,93,891,2995,821.191669071007,859.529604567501,69.8083309289932,0.0850085717600686,31.4703954324987,0.0366135096048657,1.83527838379868,1.77250442903881
0.1,98,337,117,93,886,2989,826.809008743001,861.150163739099,59.1909912569993,0.0715896786695484,24.8498362609009,0.028856565680721,1.76296076564052,1.69793457275101
0.1,99,337,122,93,907,3072,856.020264484877,891.822893341678,50.9797355151234,0.0595543559308157,15.1771066583221,0.0170180725025495,1.70419935738661,1.65073381562877
0.1,100,337,121,93,899,2979,812.535688484318,849.199027961585,86.4643115156816,0.106412940060479,49.8009720384147,0.0586446408893764,1.85878544770419,1.77931606223837
0.2,1,299,123,94,887,3008,802.035711337158,839.266513635041,84.9642886628416,0.105935792461396,47.7334863649593,0.0568752423568235,1.84943868385367,1.7907358283786
0.2,2,299,115,94,865,2918,790.525004751675,824.9811901493,74.4749952483254,0.0942095377131303,40.0188098507004,0.0485087542946987,1.76286153741193,1.69707345346572
0.2,3,299,111,91,809,2717,712.722888407247,746.171545322279,96.2771115927527,0.135083513043768,62.8284546777214,0.0842010862938833,1.93417361034603,1.83094807765725
0.2,4,299,120,93,840,2827,746.534547363453,785.326659310421,93.4654526365467,0.125199098911953,54.6733406895792,0.0696185976133635,1.76462437877309,1.6904100741135
0.2,5,299,120,94,871,2998,805.742754506779,841.77928669034,65.2572454932206,0.0809901735116025,29.2207133096597,0.0347130343686027,1.90349267976226,1.82503596882425
0.2,6,299,112,93,825,2613,717.482918430062,753.467391866737,107.517081569938,0.149853158602296,71.5326081332634,0.0949378949977375,1.93337798596667,1.81115547049026
0.2,7,299,119,93,870,2962,793.195899865566,828.377511608413,76.8041001344341,0.0968286650844402,41.6224883915867,0.0502457971254805,1.83865905788381,1.79458761559675
0.2,8,299,117,92,874,2998,814.229997945323,847.515996312579,59.7700020546772,0.073406779663614,26.4840036874206,0.0312489720579301,1.87385275694212,1.83053430289791
0.2,9,299,124,94,876,2987,803.886984125183,842.142657286708,72.1130158748167,0.0897054154363408,33.8573427132919,0.0402038092006604,1.71635982651797,1.66179919401929
0.2,10,299,111,94,832,2730,733.840063021285,767.967372541402,98.159936978715,0.1337620306182,64.0326274585984,0.0833793592645714,1.98340627063036,1.8777421531729
0.2,11,299,122,94,869,2933,777.454174456088,815.170650749434,91.5458255439117,0.11775076724999,53.8293492505655,0.0660344545048047,1.86811535262294,1.794709824073
0.2,12,299,118,93,875,2973,808.335117648449,844.205290107418,66.6648823515508,0.0824718373556347,30.7947098925819,0.0364777504399001,1.82611568142005,1.76141939707804
0.2,13,299,117,93,856,2880,775.021112935309,811.274871051163,80.9788870646912,0.104486040074434,44.725128948837,0.0551294395337143,1.835753311212,1.72903946360968
0.2,14,299,113,93,814,2704,700.109680261051,734.273514932698,113.890319738949,0.162674967865723,79.726485067302,0.108578729105611,1.9332887686258,1.83155378739308
0.2,15,299,114,93,838,2789,756.27175647928,791.295059899492,81.7282435207196,0.108067295678467,46.7049401005078,0.0590234192874148,1.89294671992434,1.77844917188628
0.2,16,299,116,92,833,2771,745.020745637724,780.75497020357,87.9792543622757,0.118089670492285,52.2450297964297,0.0669160386936859,1.81459742594011,1.70846240275546
0.2,17,299,110,94,839,2832,756.489904760414,786.83108709357,82.5100952395865,0.109069658062017,52.1689129064298,0.0663025568793088,1.89221829277604,1.81310011853407
0.2,18,299,121,94,855,2853,753.342860028903,792.454487421869,101.657139971097,0.134941399679817,62.545512578131,0.0789263151018469,1.82935547752383,1.73105966689287
0.2,19,299,116,93,838,2848,768.04647261112,803.936052488159,69.9535273888798,0.0910798107711627,34.0639475118408,0.0423714640068869,1.73252638578733,1.69475874259826
0.2,20,299,116,93,834,2868,770.296529703199,806.276662586887,63.7034702968011,0.0826999315722564,27.7233374131132,0.0343843976882137,1.79180706896929,1.72897027926328
0.2,21,299,119,93,870,2976,797.343340725678,832.278176536345,72.6566592743216,0.0911234289712575,37.721823463655,0.0453235763319426,1.75128650033219,1.71046838962089
0.2,22,299,109,92,819,2749,753.780738088214,786.317033879137,65.2192619117864,0.0865228555417847,32.6829661208629,0.0415646167038098,1.84668469920834,1.77334212855276
0.2,23,299,121,94,891,3026,838.489233808961,874.591000480936,52.5107661910389,0.0626254507198631,16.4089995190635,0.0187619121509828,1.84320161246812,1.77967573772684
0.2,24,299,122,93,867,2957,780.844221310299,817.883089328797,86.1557786897012,0.110336705245929,49.1169106712032,0.060053706100601,1.80804346951034,1.75475476439165
0.2,25,299,114,92,810,2626,688.542579852477,725.084451025474,121.457420147523,0.176397834645965,84.9155489745258,0.117111253529753,1.96349308057503,1.86900815121575
0.2,26,299,117,88,805,2636,697.810535970734,735.673829717347,107.189464029266,0.153608262563926,69.326170282653,0.094234927874611,1.81964071805303,1.72821799749453
0.2,27,299,118,93,859,2832,764.859828184071,802.02512975868,94.1401718159286,0.123081600506378,56.9748702413199,0.0710387594194997,1.85585859784171,1.75505314002922
0.2,28,299,112,94,830,2791,750.517215596309,784.685063740878,79.4827844036909,0.105904012262449,45.3149362591215,0.0577492020086234,1.90604836369597,1.81821984883181
0.2,29,299,112,93,855,2842,772.881286932533,806.33859058225,82.1187130674671,0.106250098761461,48.6614094177504,0.0603486053949278,1.86055750704208,1.77140961635855
0.2,30,299,114,94,837,2632,702.700085872621,739.957289793171,134.299914127379,0.191119820286637,97.0427102068293,0.131146366885519,1.89032485236074,1.79132599619362
0.2,31,299,112,94,863,2863,765.506384805434,796.661907105281,97.4936151945659,0.127358330550496,66.338092894719,0.083270070155309,2.04068430435947,1.97299226525363
0.2,32,299,121,92,837,2794,721.492920972467,759.776173600432,115.507079027533,0.160094542399454,77.2238263995682,0.101640231798293,1.81118205737222,1.74327139083454
0.2,33,299,115,93,847,2689,721.446981911304,757.762781027496,125.553018088696,0.174029445318453,89.2372189725039,0.117764056518455,1.94709214768352,1.86502891973673
0.2,34,299,111,92,861,2789,758.38107387273,790.703878269621,102.61892612727,0.135313142248182,70.2961217303789,0.0889032211201685,1.8796959191826,1.78463542682116
0.2,35,299,118,92,839,2807,743.511505761656,780.279793971479,95.4884942383443,0.128429074060563,58.720206028521,0.0752553205685952,1.93281729966057,1.86231507193387
0.2,36,299,108,91,826,2768,740.222513807252,770.691797543386,85.7774861927483,0.115880677219018,55.308202456614,0.0717643585060998,1.84853228061887,1.79193353511704
0.2,37,299,116,92,830,2812,741.600829179563,777.452091255199,88.3991708204371,0.119200474624919,52.5479087448012,0.0675898995396134,1.85171877971995,1.7605743796689
0.2,38,299,120,94,879,2964,793.052241701665,828.610553982575,85.9477582983349,0.108375909907165,50.3894460174248,0.0608119770804711,1.8908787695799,1.82756204539403
0.2,39,299,116,94,865,2928,785.003400915238,818.185365420608,79.9965990847616,0.101906054154024,46.8146345793915,0.0572176386402674,1.83215871866801,1.78559477465572
0.2,40,299,114,94,837,2872,771.192791379711,804.280266008296,65.8072086202893,0.0853317216601004,32.7197339917039,0.0406820052344371,1.74668398018903,1.70103064350947
0.2,41,299,114,93,863,2804,755.911717871482,792.470696059582,107.088282128518,0.141667710126337,70.5293039404181,0.0889992580055167,1.94183431078894,1.83496860182773
0.2,42,299,114,93,865,2975,806.270479731984,838.328814998511,58.7295202680158,0.072840965587055,26.6711850014893,0.0318147062635998,1.88145623386369,1.84263418571217
0.2,43,299,121,94,893,3074,831.224911421191,865.64793108096,61.7750885788087,0.0743181390860728,27.3520689190403,0.0315972209220035,1.87002250054091,1.8282048128562
0.2,44,299,119,93,875,2974,811.008446750462,846.466601488818,63.9915532495385,0.0789036828234515,28.5333985111823,0.0337088296939253,1.80135428437033,1.75045583555883
0.2,45,299,114,93,852,2827,771.304780261943,806.28920173482,80.6952197380568,0.104621703123183,45.7107982651796,0.056692807204695,1.82610522171191,1.75195202297189
0.2,46,299,110,93,846,2863,774.630817514564,804.414578096102,71.369182485436,0.092133156688017,41.5854219038981,0.0516965045590335,1.94797818472646,1.90368264042716
0.2,47,299,121,93,856,2968,785.346582489273,822.549598841999,70.6534175107266,0.0899646335593389,33.4504011580012,0.0406667284320524,1.80996166542965,1.73472840692465
0.2,48,299,115,91,824,2731,718.643607316905,753.352209343435,105.356392683095,0.146604508285337,70.6477906565648,0.0937779033237801,1.96342269034699,1.89493925917054
0.2,49,299,112,92,775,2627,677.211553969247,713.721618399519,97.7884460307533,0.144398667532471,61.2783816004807,0.0858575388789455,1.7213482567521,1.63911227128146
0.2,50,299,111,91,812,2635,712.469259258312,746.916257166344,99.5307407416881,0.139698294976685,65.0837428336556,0.0871365995976185,1.91974094840141,1.80598666957165
0.2,51,299,120,94,864,2981,794.336397237542,829.656403668898,69.6636027624584,0.0877003785861091,34.3435963311016,0.0413949632392731,1.80449852921342,1.74856238559748
0.2,52,299,119,93,853,2885,766.027920578058,803.465420217482,86.9720794219422,0.113536435272897,49.5345797825179,0.0616511657329445,1.85013722483611,1.7715295248209
0.2,53,299,117,93,865,2956,783.944235494223,818.069777651421,81.0557645057767,0.103394809013012,46.9302223485786,0.0573670163971948,1.84905116327163,1.78357870822387
0.2,54,299,116,93,834,2757,740.184913554996,776.146847829453,93.8150864450037,0.126745472282627,57.853152170547,0.0745389256328712,1.72288076643018,1.65739541878896
0.2,55,299,119,94,863,2919,770.739809397535,806.879436073433,92.2601906024649,0.119703419334966,56.1205639265671,0.0695526015629672,1.81485231874522,1.76436826721945
0.2,56,299,120,94,861,2953,782.446131497259,818.0938790201,78.5538685027412,0.100395241717693,42.9061209799005,0.0524464515384137,1.78053048400945,1.73511200640447
0.2,57,299,118,92,849,2814,755.076134207195,792.716438305245,93.923865792805,0.124389927767247,56.2835616947546,0.0710008761961384,1.84114126458605,1.78074827221942
0.2,58,299,115,92,866,2900,770.859227619657,803.855099735268,95.1407723803435,0.123421720816821,62.1449002647319,0.0773085849492003,1.96977783066384,1.88910846631403
0.2,59,299,117,93,859,2902,790.564688987803,826.107531917077,68.4353110121971,0.0865650995617045,32.8924680829234,0.0398162065010988,1.8313244728028,1.73617325821289
0.2,60,299,115,93,833,2805,723.618935105646,758.384798606042,109.381064894354,0.151158378516429,74.6152013939579,0.098386995007159,1.81119604931072,1.76830834763059
0.2,61,299,116,94,853,2841,755.129991819496,789.539063207139,97.8700081805038,0.129606834903597,63.460936792861,0.0803771969623393,1.87490006399155,1.81961168892169
0.2,62,299,122,93,857,2920,758.081593102193,796.197506807392,98.9184068978075,0.130485171778169,60.802493192608,0.0763660934287713,1.79390175000124,1.72019093165931
0.2,63,299,112,93,841,2759,756.619791076936,789.850740886366,84.3802089230638,0.111522603450487,51.1492591136338,0.0647581327280067,1.86071598525881,1.80304140478429
0.2,64,299,113,93,802,2677,700.223117668241,735.72881161716,101.776882331759,0.145349217647481,66.2711883828404,0.0900755649859271,1.77948642898023,1.70012595292156
0.2,65,299,117,93,859,2850,766.047352180316,801.50682464112,92.9526478196842,0.121340603234413,57.4931753588796,0.0717313609707847,1.87017799077172,1.79437564640125
0.2,66,299,117,94,837,2742,725.808084525721,764.299456414106,111.191915474279,0.153197405546863,72.7005435858943,0.0951204962607017,1.85806494544104,1.76866832513255
0.2,67,299,114,92,820,2740,718.497797130738,753.148198398655,101.502202869262,0.141270026539542,66.8518016013453,0.0887631434868805,1.81639923499875,1.74143589857628
0.2,68,299,114,93,837,2747,740.262978739463,776.188266829952,96.7370212605373,0.130679264043791,60.8117331700479,0.0783466277046553,1.87421366216974,1.75222980549861
0.2,69,299,118,94,889,3005,817.181813434086,852.129641988012,71.8181865659138,0.0878851993341708,36.8703580119878,0.0432684842719114,1.85147294429015,1.79154293185998
0.2,70,299,113,93,818,2803,763.808768761242,797.072794055838,54.1912312387584,0.0709486895871158,20.9272059441619,0.0262550749445048,1.71352225880967,1.67197408604592
0.2,71,299,117,94,863,2955,800.541319117867,835.198888191882,62.4586808821334,0.0780205585777358,27.8011118081178,0.0332868161119135,1.83726334789497,1.76469071887742
0.2,72,299,108,92,822,2673,715.19346524027,747.446469381549,106.80653475973,0.149339360537709,74.5535306184514,0.0997443076828477,2.01218966934969,1.90745564503678
0.2,73,299,109,93,819,2689,686.110431398855,718.654974898968,132.889568601145,0.19368539307908,100.345025101032,0.139628929884106,1.89606591839101,1.82300430549038
0.2,74,299,111,91,816,2655,725.250174892118,760.438369623279,90.7498251078815,0.125128994448544,55.5616303767206,0.0730652641899774,1.8465939178196,1.74262674856932
0.2,75,299,118,91,843,2816,745.59099588078,782.552386749397,97.4090041192204,0.130646701284462,60.447613250603,0.077244174670137,1.76327150919429,1.69075128398957
0.2,76,299,116,92,818,2676,701.516640573339,740.829506786455,116.483359426661,0.166045041114721,77.1704932135453,0.104167682991317,1.92618966434168,1.82807640310993
0.2,77,299,120,94,850,2820,741.889028759335,779.461673940985,108.110971240665,0.145723911595592,70.5383260590148,0.0904962083669497,1.8159331704617,1.74976502765268
0.2,78,299,113,93,841,2832,774.937802674599,809.625511831347,66.0621973254014,0.0852483865123061,31.374488168653,0.0387518521960664,1.94736446962931,1.84765898867375
0.2,79,299,115,94,857,2814,743.935977678798,778.274678211914,113.064022321202,0.151980850118286,78.7253217880856,0.101153646639201,1.83550990697793,1.74783438528196
0.2,80,299,116,93,874,2988,794.019681892808,827.092572344588,79.9803181071918,0.100728382345048,46.9074276554124,0.0567136366881429,1.9536948873085,1.86687244390897
0.2,81,299,116,91,829,2694,726.912338936869,761.820808206437,102.087661063131,0.140440126814242,67.1791917935632,0.0881824059803826,1.8292812539976,1.76735205662361
0.2,82,299,116,92,844,2844,777.166680640332,812.16594028641,66.8333193596679,0.0859961202976456,31.8340597135905,0.0391964968419683,1.84032598044516,1.77849402837698
0.2,83,299,114,94,826,2727,728.711348348426,764.894070781542,97.2886516515745,0.133507803703171,61.1059292184582,0.0798880937278312,1.95403754286727,1.85494655576447
0.2,84,299,108,91,769,2462,646.180220969133,681.940408836454,122.819779030867,0.190070471124393,87.0595911635462,0.127664514428892,1.9097069074741,1.78027135796508
0.2,85,299,111,93,843,2744,761.660677108061,796.924698662908,81.3393228919393,0.106792073342654,46.0753013370924,0.0578163801603818,1.8602264817058,1.73238677915117
0.2,86,299,120,91,820,2722,728.888784788075,767.306690630938,91.1112152119247,0.125000160673916,52.6933093690617,0.0686730742901945,1.81087895838902,1.72553678995926
0.2,87,299,121,92,847,2895,788.261740629835,825.111873148274,58.7382593701648,0.0745161871274278,21.8881268517256,0.0265274656250065,1.7438815677921,1.68883149857257
0.2,88,299,120,92,859,2919,768.257522757703,805.399264952265,90.742477242297,0.11811466149602,53.6007350477349,0.0665517556077131,1.74554415554674,1.67485087639462
0.2,89,299,115,94,837,2915,791.543446166133,824.519790874007,45.4565538338666,0.0574277432957557,12.4802091259929,0.0151363366460418,1.78640296847488,1.76840563025727
0.2,90,299,118,94,829,2777,722.445736067886,760.393997049591,106.554263932114,0.147491027508953,68.6060029504093,0.0902242826963494,1.99333970706282,1.899631391148
0.2,91,299,114,93,822,2767,758.074642703228,791.548454062666,63.9253572967721,0.0843259406076687,30.4515459373342,0.0384708551713291,1.81093204622345,1.76681813253591
0.2,92,299,114,93,850,2784,741.865359222779,776.585110767248,108.134640777221,0.1457604664147,73.414889232752,0.0945355354034792,1.95792311145717,1.87019218285364
0.2,93,299,116,94,845,2819,749.219121235259,786.038310213328,95.7808787647409,0.127840942722904,58.961689786672,0.0750112164007248,1.84626615218963,1.74991564667588
0.2,94,299,118,93,856,2875,761.607912165455,797.552364691274,94.3920878345446,0.123937903384121,58.4476353087257,0.073283759031108,1.82440219382258,1.75079985879382
0.2,95,299,116,92,848,2839,758.095645292376,792.996142121413,89.904354707624,0.118592363992475,55.0038578785866,0.0693620749924974,1.8165284814654,1.75809767581524
0.2,96,299,112,93,843,2805,733.219858261406,765.660197096825,109.780141738594,0.149723361283344,77.3398029031749,0.101010609140225,1.83058467367221,1.7617623796418
0.2,97,299,114,92,874,2930,812.857136055142,844.133625569659,61.142863944858,0.0752196926529907,29.8663744303414,0.0353810978803104,1.91515732777542,1.85732245507281
0.2,98,299,114,93,856,2872,772.539553742463,806.866407211265,83.4604462575375,0.108033881052724,49.1335927887347,0.0608943343651558,1.87511327072746,1.79507662578655
0.2,99,299,109,94,826,2777,745.249761753598,777.275961913158,80.7502382464021,0.108353256036465,48.7240380868417,0.0626856360859458,1.89382735444726,1.81499793304102
0.2,100,299,106,92,809,2595,694.292646512108,726.187587982929,114.707353487892,0.165214703143038,82.8124120170706,0.11403721763834,2.04023381250882,1.92645920536212
0.4,1,224,105,91,747,2377,581.289644600036,614.827564114321,165.710355399964,0.285073640893746,132.172435885679,0.214974805295332,2.09180876417937,2.0094307997528
0.4,2,224,104,88,710,2397,601.132687850501,633.017899527492,108.867312149499,0.181103630446019,76.9821004725085,0.121611253852333,1.98900784116665,1.90531083970179
0.4,3,224,93,88,690,2314,586.684356898686,613.671141336773,103.315643101314,0.176100899719669,76.3288586632269,0.124380720424555,1.89889507669636,1.8256614971056
0.4,4,224,92,92,701,2249,555.870164255031,584.576576418105,145.129835744969,0.261085852556002,116.423423581895,0.199158550442203,2.08997435917489,1.9438235682083
0.4,5,224,107,88,715,2462,618.726953216604,651.700542337753,96.273046783396,0.155598598514089,63.2994576622467,0.0971296685363825,1.78351768945453,1.70644882796201
0.4,6,224,104,88,748,2498,620.648572055803,649.543670381709,127.351427944197,0.205190882051602,98.4563296182911,0.151577690781641,1.97745745348524,1.93619594370783
0.4,7,224,102,88,715,2436,601.76533842183,632.314730054752,113.23466157817,0.188170794075869,82.6852699452478,0.130766003091669,2.01496826747724,1.93790860969035
0.4,8,224,105,89,693,2287,564.006385553488,597.262351925409,128.993614446512,0.228709492925198,95.7376480745909,0.160294128310547,1.91790949135539,1.8571939632695
0.4,9,224,98,93,714,2363,570.898047438646,601.491658325743,143.101952561354,0.250661135036957,112.508341674257,0.1870488810891,1.9795759913427,1.89686920422961
0.4,10,224,101,87,701,2296,570.844036195081,602.955718694133,130.155963804919,0.228006172530879,98.0442813058668,0.16260610566595,1.99789269049793,1.89487480694901
0.4,11,224,106,93,762,2646,669.959892382402,699.836046331108,92.0401076175978,0.137381518900034,62.1639536688921,0.0888264529882202,1.90823127863796,1.87887979832687
0.4,12,224,110,91,744,2475,591.26903488104,627.778713452089,152.73096511896,0.258310440947898,116.221286547911,0.185130976978851,1.96144998411476,1.88902532410063
0.4,13,224,102,92,724,2447,567.909919675642,597.965311641545,156.090080324358,0.274850068499434,126.034688358455,0.210772574771039,2.09010279136795,2.00118473695648
0.4,14,224,100,88,710,2344,590.096062674784,621.299821450561,119.903937325216,0.203193928767658,88.7001785494389,0.142765498213646,1.9792373777185,1.9006085612744
0.4,15,224,106,90,714,2338,554.405055805867,588.436351579045,159.594944194133,0.287867043279666,125.563648420955,0.213385267725236,1.96440110747529,1.88051335098221
0.4,16,224,114,91,790,2821,698.111244878377,730.18241486404,91.8887551216228,0.131624803060766,59.8175851359603,0.0819214266439138,1.62355883738859,1.59650056686723
0.4,17,224,112,91,731,2547,615.694921587323,651.030758800653,115.305078412677,0.187276318790172,79.9692411993475,0.122834812515877,1.85900140635897,1.83081482993809
0.4,18,224,108,90,718,2452,596.669820120491,630.048382909392,121.330179879509,0.203345595483625,87.9516170906077,0.139595020757725,1.8442880348352,1.79420979625673
0.4,19,224,108,90,753,2568,618.948716810349,652.823272139921,134.051283189651,0.216578982311269,100.176727860079,0.153451526830078,1.88308864607546,1.79927567818945
0.4,20,224,106,93,759,2625,657.90250300078,689.329268292937,101.09749699922,0.153666381474611,69.6707317070626,0.101070322865582,1.88925062256105,1.83107746538696
0.4,21,224,103,91,765,2575,640.723508687232,671.938915009648,124.276491312768,0.193962746220123,93.061084990352,0.138496346783272,1.86576242395907,1.76619615367053
0.4,22,224,102,92,756,2426,597.147171745278,628.362934443241,158.852828254722,0.266019560622624,127.637065556759,0.203126343965293,2.01033579009293,1.91803642837736
0.4,23,224,104,89,699,2275,550.851575085566,585.20701388202,148.148424914434,0.26894436108569,113.79298611798,0.194449115302164,2.02814828464796,1.91944000661467
0.4,24,224,109,91,761,2538,600.194526684101,634.217384957137,160.805473315899,0.267922258812159,126.782615042863,0.199904036139645,1.89684218896081,1.80808739153005
0.4,25,224,104,88,668,2155,512.559654161439,549.750539597441,155.440345838561,0.303262936472956,118.249460402559,0.215096579057745,1.91766530211118,1.7863300151781
0.4,26,224,104,86,690,2200,528.73312798547,564.561202856197,161.26687201453,0.305006180772093,125.438797143803,0.222188128601807,2.03029539925538,1.87100119726913
0.4,27,224,97,90,714,2369,599.31306507975,629.0307149007,114.68693492025,0.191363982537222,84.9692850992998,0.135079707693945,1.97696166562971,1.8696065351707
0.4,28,224,100,89,725,2321,554.064359626252,584.635953555096,170.935640373748,0.308512246644152,140.364046444904,0.240087948049325,2.06265020882916,1.94848308321786
0.4,29,224,105,92,732,2449,599.298811440842,632.567272881797,132.701188559158,0.221427418219162,99.4327271182028,0.157189173991274,2.06883098762457,1.94211916228876
0.4,30,224,109,92,759,2602,638.077888159505,670.687972333821,120.922111840495,0.189509954951247,88.3120276661792,0.131673790658384,1.9616327073579,1.9043006190028
0.4,31,224,110,90,751,2588,644.018822058077,678.069291842671,106.981177941923,0.166114986515526,72.9307081573294,0.107556423856238,1.90307964133262,1.82455419374238
0.4,32,224,107,89,723,2491,614.183030731308,649.356921906052,108.816969268692,0.177173519657689,73.6430780939478,0.113409244761392,1.80705784331819,1.73629381576802
0.4,33,224,102,91,719,2360,567.536522951053,599.648365206275,151.463477048947,0.266878819113479,119.351634793725,0.199036037983142,2.04407358806858,1.94729744484596
0.4,34,224,111,89,771,2634,642.535826852105,674.865706511604,128.464173147895,0.199933089766004,96.1342934883957,0.142449516342023,1.82503408105719,1.76965925967131
0.4,35,224,114,91,745,2611,633.398918844851,668.613718644198,111.601081155149,0.176193987445826,76.3862813558025,0.11424575838901,1.79745818928382,1.771974749751
0.4,36,224,105,93,727,2367,581.823106620118,616.910092771,145.176893379882,0.249520673428101,110.089907229,0.178453730161076,1.92274231990206,1.79139123973092
0.4,37,224,113,91,797,2773,700.350758043353,735.343954425993,96.649241956647,0.13800119561042,61.656045574007,0.0838465390283047,1.98234576878877,1.90171282855791
0.4,38,224,104,88,723,2362,568.52778101927,600.205177949139,154.47221898073,0.27170566529535,122.794822050861,0.204588075148639,2.03764265147009,1.97037745531137
0.4,39,224,102,89,735,2390,584.053020406348,617.204779031788,150.946979593652,0.258447391451949,117.795220968212,0.190852736352752,2.0526520387048,1.95495522942285
0.4,40,224,99,91,693,2323,557.625371856117,589.245188401982,135.374628143883,0.242769850470171,103.754811598018,0.176080880489493,2.12150387385018,1.98018243522739
0.4,41,224,114,91,785,2640,660.652728950505,698.382756921378,124.347271049495,0.18821881088273,86.6172430786223,0.124025460566137,1.86711021963483,1.76086161411188
0.4,42,224,97,89,684,2144,543.21110210363,576.752359822224,140.78889789637,0.259178977291062,107.247640177776,0.185950934315785,1.91677605222365,1.76379669177144
0.4,43,224,110,90,758,2597,638.101151276245,670.275662475598,119.898848723755,0.187899439585636,87.7243375244016,0.130877999061461,1.86952484633757,1.82915514084549
0.4,44,224,100,88,680,2191,518.966138486269,550.061014084574,161.033861513731,0.310297434787243,129.938985915426,0.236226495949134,2.09057787613513,1.99759581496184
0.4,45,224,102,89,701,2278,548.243690162987,583.676947242509,152.756309837013,0.278628486889835,117.323052757491,0.201006829739919,1.97460793100084,1.8694652342886
0.4,46,224,110,92,759,2544,637.688809321561,670.6424000581,121.311190678439,0.190235721413243,88.3575999418998,0.131750691477671,1.86497764308127,1.82709870379627
0.4,47,224,109,94,771,2556,650.487615180872,682.751129641071,120.512384819128,0.185264687607648,88.2488703589293,0.129254814130183,2.01346375107744,1.96419727855859
0.4,48,224,93,90,686,2291,580.960503222665,610.238410568578,105.039496777335,0.180803163372839,75.7615894314218,0.124150804209182,1.90735158907513,1.8186110214095
0.4,49,224,104,92,769,2691,683.647507487075,711.450554220439,85.3524925129246,0.124848685292015,57.5494457795606,0.0808902958022424,1.8866316236224,1.84007220888393
0.4,50,224,98,92,684,2235,541.730866556918,572.319065298792,142.269133443082,0.262619581467275,111.680934701208,0.195137540355924,1.9853301056179,1.88639979601412
0.4,51,224,105,90,747,2521,626.210754007467,658.130694536468,120.789245992533,0.1928891275334,88.8693054635322,0.135032913980899,1.83831308656376,1.73967031169337
0.4,52,224,107,90,747,2427,621.65752118566,658.220449892874,125.34247881434,0.201626256488106,88.7795501071256,0.134878140175643,1.94455435151235,1.80972598586834
0.4,53,224,91,90,681,2248,526.924973646162,553.226408676529,154.075026353838,0.292404106959829,127.773591323471,0.230960759138634,2.2579991660068,2.18589296369891
0.4,54,224,110,93,753,2603,625.111844138367,660.236072043812,127.888155861633,0.204584438866151,92.763927956188,0.140501150852043,1.93616095436649,1.88103194629824
0.4,55,224,109,93,772,2644,644.536900958799,677.983225346058,127.463099041201,0.197759195558222,94.0167746539415,0.138671240141603,1.9395163560971,1.84869666266396
0.4,56,224,106,92,775,2662,678.765370594151,709.563418269308,96.2346294058489,0.141778932124382,65.4365817306921,0.0922209066108538,2.03525416632878,1.98130722148564
0.4,57,224,103,89,714,2373,571.513547699646,605.03072658465,142.486452300354,0.24931421638886,108.96927341535,0.180105354368485,1.99946836562358,1.87218348419332
0.4,58,224,113,89,748,2513,612.950500826454,648.296177964845,135.049499173546,0.220326925243484,99.7038220351552,0.153793629245431,1.746395236061,1.67746872954019
0.4,59,224,112,89,762,2549,624.999013983924,661.557598896812,137.000986016076,0.219201923444315,100.442401103188,0.151827144409922,1.84457104795566,1.7461368348646
0.4,60,224,104,92,772,2642,660.483688868079,690.740670538971,111.516311131921,0.168840371096878,81.2593294610286,0.117640864258975,1.99132488857858,1.89767728762347
0.4,61,224,115,90,727,2496,590.612798884717,629.07983555283,136.387201115283,0.230924899312764,97.9201644471704,0.155656180524558,1.83525753455015,1.76814066414189
0.4,62,224,105,90,724,2418,601.839470381432,633.709058798552,122.160529618568,0.202978594177523,90.2909412014482,0.14248011756788,1.94646912765285,1.89985792449109
0.4,63,224,113,90,758,2609,626.574154843348,662.109923030369,131.425845156652,0.209753058182731,95.8900769696306,0.144825011126185,1.81247160852872,1.75821944316001
0.4,64,224,110,93,775,2632,646.599924355927,680.865571411108,128.400075644073,0.198577313122904,94.1344285888924,0.138256996008473,1.91349894870429,1.83092796676985
0.4,65,224,103,89,742,2394,595.300576437388,627.081631145185,146.699423562612,0.246429164306448,114.918368854815,0.183259025854337,2.0763456396868,1.93883770211296
0.4,66,224,113,89,771,2674,668.598617706374,703.016878278256,102.401382293626,0.153158232131729,67.9831217217437,0.0967019766129083,1.83464389954054,1.77472548526945
0.4,67,224,101,90,714,2283,561.691747063107,595.909969167608,152.308252936893,0.271159855442527,118.090030832392,0.198167570509594,2.04659371710628,1.90376875110526
0.4,68,224,100,91,740,2402,599.093643821637,630.640732673606,140.906356178363,0.235199217403673,109.359267326394,0.173409774631532,1.99520149991887,1.89887334098243
0.4,69,224,101,89,751,2470,618.935435771253,649.845005709618,132.064564228747,0.213373732696661,101.154994290382,0.155660185739094,1.88008074549999,1.75787756126691
0.4,70,224,108,90,733,2482,617.164609852084,651.309739062071,115.835390147916,0.187689618456376,81.6902609379293,0.125424596069404,1.76126576482583,1.66414286373358
0.4,71,224,104,90,748,2559,626.47109339987,655.715561217552,121.52890660013,0.193989647535996,92.2844387824481,0.140738521762533,2.01798376927252,1.99936073666625
0.4,72,224,116,90,787,2694,663.346073128354,699.487093352753,123.653926871646,0.18640937495641,87.512906647247,0.125110109219862,1.91842537827331,1.88711179312058
0.4,73,224,104,89,740,2502,608.644152872587,640.614781477138,131.355847127413,0.215817151134139,99.3852185228618,0.155140376707665,1.94196924486981,1.83640037466809
0.4,74,224,101,88,674,2176,540.35648388871,573.606743762058,133.64351611129,0.247324720061682,100.393256237942,0.17502105288983,1.90540178131019,1.79635042063543
0.4,75,224,108,92,761,2570,640.10062721444,672.170880760094,120.89937278556,0.188875573066822,88.8291192399057,0.132152584681231,1.92453152185584,1.89266860022515
0.4,76,224,98,89,714,2214,549.209971781869,582.622378468838,164.790028218131,0.300049228318785,131.377621531162,0.225493606813437,2.14452955009984,2.02381454287646
0.4,77,224,107,93,783,2761,681.079517002498,711.449378437843,101.920482997502,0.149645497263028,71.5506215621566,0.100570221481201,1.84147726404723,1.80154111057519
0.4,78,224,90,86,650,2023,500.833576270161,532.118032086602,149.166423729839,0.297836308900694,117.881967913398,0.221533495963567,2.14577233740692,2.02694648304316
0.4,79,224,108,89,720,2378,572.410461270643,607.252085437391,147.589538729357,0.257838646767105,112.747914562609,0.185669044646259,1.96814087641002,1.87474430823298
0.4,80,224,103,92,736,2518,632.550772621108,662.517649337531,103.449227378892,0.163542962646664,73.4823506624687,0.110913800916769,1.97602240540042,1.91175529951802
0.4,81,224,99,91,687,2327,568.094745717921,598.54091324141,118.905254282079,0.209305323061587,88.4590867585904,0.147791211597447,1.8591993986149,1.79069950042115
0.4,82,224,121,91,794,2837,716.048951798674,754.031870653898,77.9510482013261,0.108862736277342,39.9681293461023,0.0530058886124294,1.70176577637884,1.64440585423595
0.4,83,224,113,91,743,2513,623.079855067143,660.876066637639,119.920144932857,0.192463524470606,82.1239333623607,0.124265255632853,1.76035433072414,1.69179109564161
0.4,84,224,102,92,741,2465,606.244855156075,637.498616582736,134.755144843925,0.222278413907913,103.501383417264,0.162355463564886,2.07078334452676,1.98668027441431
0.4,85,224,98,92,696,2339,587.690427152295,619.470549381465,108.309572847705,0.184296983315737,76.5294506185353,0.123540095158598,1.85254494336678,1.73733565948187
0.4,86,224,105,90,674,2144,514.355218817778,552.276939208626,159.644781182222,0.310378460918814,121.723060791374,0.220402215174501,1.83720592672366,1.6921303681279
0.4,87,224,102,91,728,2365,584.781678119908,619.951487849996,143.218321880092,0.244909044244587,108.048512150004,0.174285430824141,2.08627465336449,1.94613147907088
0.4,88,224,99,91,737,2449,614.159122249507,643.358321253246,122.840877750493,0.200014740969015,93.6416787467545,0.145551360188119,1.96303664970025,1.85259314684549
0.4,89,224,102,92,715,2334,579.439633260625,614.407351747106,135.560366739375,0.233950801702239,100.592648252894,0.163723054365891,1.92671524217826,1.85370219086423
0.4,90,224,103,87,693,2445,632.040903792709,663.122337385041,60.9590962072906,0.096448023919799,29.8776626149594,0.0450560340536545,1.86188072489017,1.84226882400065
0.4,91,224,113,90,759,2550,612.791852596232,650.932301976356,146.208147403768,0.238593491059523,108.067698023644,0.166019872873922,1.8076515671165,1.69809844510054
0.4,92,224,100,89,721,2380,561.332700822746,591.236867051314,159.667299177254,0.284443252536738,129.763132948686,0.219477404370699,2.01455301399739,1.93077950123951
0.4,93,224,105,89,719,2475,587.650549987385,620.668927209377,131.349450012615,0.223516254711979,98.3310727906231,0.158427574637472,1.91632875279081,1.84314512258617
0.4,94,224,113,90,742,2570,651.448362111578,688.977426606768,90.5516378884221,0.139000484389755,53.0225733932321,0.0769583608194098,1.65281307353965,1.58415796573349
0.4,95,224,105,90,775,2576,623.681794646045,655.235033116847,151.318205353955,0.242620847125788,119.764966883153,0.18278169027906,2.02267569995002,1.95186510835362
0.4,96,224,98,92,733,2408,594.22794437032,622.375433862132,138.77205562968,0.233533372074467,110.624566137868,0.177745714433796,2.04909021069873,2.00268020564251
0.4,97,224,104,92,757,2554,626.340707543626,657.380301571556,130.659292456374,0.20860737755461,99.6196984284442,0.151540437385011,1.74210801264737,1.6765599214501
0.4,98,224,102,91,798,2696,685.684812495689,713.744724420658,112.315187504311,0.163800022193167,84.2552755793419,0.118046792776971,2.07574433246032,2.01590318533002
0.4,99,224,105,92,753,2560,635.841268416853,667.425129892925,117.158731583147,0.184257828805063,85.5748701070745,0.128216433985342,1.91629742069732,1.86116606652852
0.4,100,224,97,92,700,2305,562.088080033192,590.844536077377,137.911919966808,0.24535642164599,109.155463922623,0.18474481400354,1.9680719863096,1.86625126195719
0.6,1,150,91,89,624,2088,480.590136231427,511.358122014661,143.409863768573,0.298403676973332,112.641877985339,0.220279825695443,1.98982730063132,1.87628435001198
0.6,2,150,91,85,609,1945,433.924764361894,462.920497644958,175.075235638106,0.403469103441382,146.079502355042,0.315560669916758,2.29207697130738,2.1837875172084
0.6,3,150,96,87,609,2126,451.088489257351,482.286070637015,157.911510742649,0.350067701799766,126.713929362985,0.262736033814161,2.06131448908283,2.00208593001039
0.6,4,150,93,82,523,1647,346.231959373187,382.292615789657,176.768040626813,0.510548018001664,140.707384210343,0.368061998581115,2.02538783387012,1.88652116830657
0.6,5,150,94,84,611,2135,474.206553741687,502.690657849611,136.793446258313,0.288468063503036,108.309342150389,0.215459230162959,1.94435067733654,1.90049745198546
0.6,6,150,96,88,615,2056,459.361004177103,492.177355193699,155.638995822897,0.33881630005078,122.822644806301,0.249549564827021,1.96511498123404,1.87923055981332
0.6,7,150,85,83,523,1639,359.851809433111,393.811140978282,163.148190566889,0.453376046167181,129.188859021718,0.32804775075889,2.21205459822566,2.02851235814297
0.6,8,150,88,85,605,2055,430.729371649404,457.818191790537,174.270628350596,0.404594252960407,147.181808209463,0.321485277013199,2.32309736172621,2.20405512170491
0.6,9,150,84,82,600,1935,441.123550981294,467.098446673645,158.876449018706,0.360163153078725,132.901553326355,0.284525787385484,2.28081494246265,2.19492746995972
0.6,10,150,99,89,624,2146,488.724874554299,522.069286186865,135.275125445701,0.276791979473253,101.930713813135,0.195243651580473,1.8002902046697,1.70741409114247
0.6,11,150,93,87,577,1970,402.838068332546,432.279088551544,174.161931667454,0.432337322012185,144.720911448456,0.334785825364301,2.13084520808016,2.04114171216976
0.6,12,150,89,83,546,1842,383.86456905132,412.868017001207,162.13543094868,0.422376650570748,133.131982998793,0.322456517619779,2.28495203740564,2.22418316861423
0.6,13,150,86,85,612,1956,431.738008888377,459.377278523108,180.261991111623,0.417526340976451,152.622721476892,0.33223828999025,2.51284249232152,2.44889578350343
0.6,14,150,88,85,591,1993,432.888346609026,462.334453126531,158.111653390974,0.365248116817006,128.665546873469,0.278295389848994,2.12405902179218,1.99012743735017
0.6,15,150,81,81,550,1730,377.9298070756,406.677455499193,172.0701929244,0.455296697172075,143.322544500807,0.352423136721164,2.41143408079578,2.25141343135596
0.6,16,150,96,86,642,2189,497.482551367007,529.386071289322,144.517448632993,0.290497522447532,112.613928710678,0.212725522672718,1.92738901778734,1.83656291949538
0.6,17,150,84,85,560,1748,378.617545473282,407.096212205669,181.382454526718,0.479065105923669,152.903787794331,0.375596193749604,2.5223167673974,2.41033379073155
0.6,18,150,85,78,490,1563,317.329632918652,349.560596168004,172.670367081348,0.544135653179332,140.439403831996,0.401759824681438,2.17624252013677,2.00778608321238
0.6,19,150,94,84,634,2075,434.204068088172,464.212897858352,199.795931911828,0.460142929548177,169.787102141648,0.365752659878607,2.35102935616632,2.24015108562313
0.6,20,150,89,86,582,1970,448.477145429321,478.2379937432,133.522854570679,0.297724992079272,103.7620062568,0.216967299993562,1.95676961297049,1.82563252320321
0.6,21,150,90,84,601,2003,416.695353521781,445.131802052464,184.304646478219,0.442300699829101,155.868197947536,0.350161900877091,2.35173577316793,2.23756053708399
0.6,22,150,89,85,595,1988,447.063060711637,474.284096714378,147.936939288363,0.330908438404362,120.715903285622,0.254522350890292,2.03236058646041,1.97401093708359
0.6,23,150,80,87,541,1835,391.797610758906,418.436816664358,149.202389241094,0.380814954312997,122.563183335642,0.292907264500949,2.12489264742904,1.98049365508222
0.6,24,150,90,85,583,2009,436.596910741286,462.589851742183,146.403089258714,0.33532781762047,120.410148257817,0.260295697807321,2.0026305945318,1.96455251996837
0.6,25,150,97,85,615,2050,452.946987970687,484.828574086277,162.053012029313,0.357774786747892,130.171425913723,0.268489591726413,2.06796921214088,1.96541333987089
0.6,26,150,94,80,565,1968,415.947806431742,447.237565532597,149.052193568258,0.358343501909338,117.762434467403,0.263310695574429,2.02296500602983,1.95663200896924
0.6,27,150,87,88,622,2187,497.028290114701,519.884636580945,124.971709885299,0.251437820282743,102.115363419055,0.196419275034984,2.00976584435853,1.96777583065252
0.6,28,150,87,86,544,1767,372.425334390198,401.861497602729,171.574665609802,0.46069547306908,142.138502397271,0.353700225687671,2.20293882208259,2.04325253448897
0.6,29,150,86,87,604,1892,425.070119278309,453.983094722397,178.929880721691,0.42094203428244,150.016905277603,0.330446016650324,2.33944854610382,2.17179421438548
0.6,30,150,91,85,612,1937,450.339861503002,480.162475285204,161.660138496998,0.358973638170648,131.837524714796,0.274568571058137,2.11419981065758,2.02945777652099
0.6,31,150,99,89,690,2467,561.436050958353,588.874364017448,128.563949041647,0.228991260575789,101.125635982552,0.171727013709084,1.90103504803593,1.86269762763891
0.6,32,150,80,82,568,1674,349.409403185218,376.608821940131,218.590596814782,0.625600212307135,191.391178059869,0.508196215568988,2.9695554270267,2.8089025174524
0.6,33,150,92,84,579,1856,379.975816207783,411.136052921608,199.024183792217,0.523781186335773,167.863947078392,0.408292938275592,2.40326863491506,2.2688312805848
0.6,34,150,82,89,604,2004,446.485999786361,471.674776470625,157.514000213639,0.352785978259133,132.325223529375,0.280543353451117,2.44327458166128,2.41338102615894
0.6,35,150,90,86,581,1825,400.915421231712,436.413497914882,180.084578768288,0.449183466714809,144.586502085118,0.331306210224778,2.26211059565866,2.08298796271385
0.6,36,150,99,85,623,2146,445.82519421278,477.992342745391,177.17480578722,0.397408688623056,145.007657254609,0.30336815945993,2.15696333528294,2.04819554528737
0.6,37,150,97,84,615,2105,482.362682308138,512.938662290911,132.637317691862,0.274974251857925,102.061337709089,0.19897376667467,1.85896153143755,1.77539395620473
0.6,38,150,87,84,565,1814,376.704165238082,407.65609111422,188.295834761918,0.499850684270806,157.34390888578,0.385972176831019,2.31555151208263,2.17284662594061
0.6,39,150,96,87,644,2196,501.233620330177,533.335822559038,142.766379669823,0.284830015144992,110.664177440962,0.207494364263732,1.96495712669865,1.88926307637211
0.6,40,150,94,88,666,2257,519.76727265192,547.305158536755,146.23272734808,0.281342699016006,118.694841463245,0.216871410056834,2.02775378072714,1.98254457120633
0.6,41,150,85,86,599,1980,455.748558373017,481.628682434917,143.251441626983,0.314321217248341,117.371317565083,0.243696693834142,2.21011535508784,2.11406946927046
0.6,42,150,84,78,573,1837,386.250861732614,413.499467690802,186.749138267386,0.483491835926736,159.500532309198,0.385733343745113,2.57288373041874,2.47292827668842
0.6,43,150,87,83,535,1687,361.442992310362,395.366691597516,173.557007689638,0.480178095528294,139.633308402484,0.353174183283579,2.26332534079568,2.08492501010891
0.6,44,150,82,76,507,1425,292.406123445157,325.033049247291,214.593876554843,0.73388981744458,181.966950752709,0.559841379743097,2.70270229480681,2.47337787831134
0.6,45,150,79,88,571,1887,422.170757199668,444.677712245076,148.829242800332,0.352533282474472,126.322287754924,0.284076049409249,2.3500737233424,2.27150520895622
0.6,46,150,95,87,625,2204,500.816689821741,529.330223438714,124.183310178259,0.247961604918679,95.6697765612855,0.180737415558441,1.83509271683002,1.7818748034336
0.6,47,150,100,89,630,2238,466.580264762264,498.593039040759,163.419735237736,0.350249994652053,131.406960959241,0.263555546647932,1.99415805196462,1.98988816603044
0.6,48,150,95,86,593,2108,441.163788038951,473.091432326867,151.836211961049,0.344171974395242,119.908567673133,0.253457491469188,2.03242998264129,1.964262319926
0.6,49,150,86,87,587,1989,431.728690791127,459.584459926409,155.271309208873,0.359650198193555,127.415540073591,0.277240749380415,2.198260854799,2.11931849006708
0.6,50,150,82,86,553,1843,372.280586106483,397.995501903588,180.719413893517,0.485438727234157,155.004498096412,0.389462939543373,2.52361178371989,2.35527297276098
0.6,51,150,91,86,591,1947,433.318284558945,461.280048772192,157.681715441055,0.363893519059672,129.719951227808,0.281217346323754,2.0800998779211,2.04325791787255
0.6,52,150,88,85,608,2146,464.606657779484,489.422117296244,143.393342220516,0.308633851494599,118.577882703756,0.242281414168256,2.04609740137462,2.06170252864316
0.6,53,150,85,80,511,1541,304.54902725494,337.322753333915,206.45097274506,0.677890763946647,173.677246666085,0.514869646205462,2.49201837794468,2.29114577244942
0.6,54,150,91,80,589,1881,413.600645077596,444.135084198265,175.399354922404,0.424079016824304,144.864915801735,0.326173096780317,2.23554929719945,2.08574226016754
0.6,55,150,95,86,618,2159,480.036039752821,510.402690929405,137.963960247179,0.287403338128986,107.597309070595,0.210808663400008,2.05545972812544,1.95452915681614
0.6,56,150,91,83,607,2040,456.021849931424,485.712847527792,150.978150068576,0.33107657032504,121.287152472208,0.249709582708265,2.15206995741385,2.0239136580629
0.6,57,150,86,88,585,2032,440.649022336973,465.160237432455,144.350977663027,0.327587196035214,119.839762567545,0.257631140677511,2.20706132389735,2.14359743970659
0.6,58,150,89,81,597,1899,428.757726404792,456.258709579586,168.242273595208,0.392394733048774,140.741290420414,0.308468172695484,2.25221932822361,2.18789891424492
0.6,59,150,91,84,584,1994,424.530723343387,453.636937400204,159.469276656613,0.375636597984509,130.363062599796,0.287373121216511,2.10754289446918,2.03847185545899
0.6,60,150,96,85,652,2214,506.462393879657,535.703014663949,145.537606120343,0.287361130617183,116.296985336051,0.217092273428787,2.07504247730824,2.00418636702909
0.6,61,150,93,91,630,2283,517.132112560145,545.005081933288,112.867887439855,0.21825735570952,84.9949180667121,0.155952523901632,1.79809843453891,1.76139625817058
0.6,62,150,91,87,629,2147,468.500984759093,495.569275320219,160.499015240907,0.34257988875613,133.430724679781,0.269247371305581,2.11228122351016,2.0399299417743
0.6,63,150,81,81,545,1769,374.025206625514,399.089756896196,170.974793374486,0.457121045175094,145.910243103804,0.365607587221927,2.38936609269325,2.32336597802487
0.6,64,150,96,86,673,2502,572.379774700819,597.79840940037,100.620225299181,0.17579276862425,75.2015905996296,0.125797575599208,1.98236920563509,1.97011297617889
0.6,65,150,87,84,543,1886,401.621310728897,429.288319794773,141.378689271103,0.352019889120217,113.711680205227,0.264884169826908,1.96847552566937,1.94112381277834
0.6,66,150,89,85,627,2193,490.143282260438,515.147925795956,136.856717739562,0.279217777112863,111.852074204044,0.217126127473426,2.02829116597704,1.96323055651289
0.6,67,150,96,92,627,2083,435.594213663741,469.282627541535,191.405786336259,0.439413059981591,157.717372458465,0.336081847488603,2.24341482466588,2.14276780515825
0.6,68,150,94,88,622,2092,463.043204722572,492.803813005588,158.956795277428,0.343287178509973,129.196186994412,0.26216555875745,2.04660579978107,1.9696847300666
0.6,69,150,93,82,598,1950,437.702303204898,469.638068458757,160.297696795102,0.366225390228444,128.361931541243,0.273320968128707,2.07506952365393,1.92517958274778
0.6,70,150,85,79,533,1778,399.085087890349,426.907534610024,133.914912109651,0.335554788121889,106.092465389976,0.2485139211396,1.97010603788666,1.8929531997048
0.6,71,150,92,87,611,2055,489.492858045477,520.162059761565,121.507141954523,0.248230673762423,90.8379402384348,0.174633921359189,2.0447090712248,1.8816575136076
0.6,72,150,101,89,694,2516,568.852767817615,597.044212851726,125.147232182385,0.219999337724079,96.9557871482737,0.162392977037954,1.81858392141024,1.76614964848728
0.6,73,150,97,80,601,2001,439.738449630112,470.815205869709,161.261550369888,0.366721514813031,130.184794130291,0.276509323631145,2.00613693804783,1.91551942611417
0.6,74,150,96,88,572,1895,397.880767063134,432.989863409327,174.119232936866,0.43761661118251,139.010136590673,0.321047092179292,2.10004835637463,2.00859234852023
0.6,75,150,98,89,637,2148,478.043055320108,511.617886731275,158.956944679892,0.332515958365822,125.382113268725,0.245069839269677,2.00400487838051,1.92102760357125
0.6,76,150,95,89,655,2255,509.49028787294,539.162772408945,145.50971212706,0.285598598423819,115.837227591055,0.214846487033037,2.1709966658569,2.09269222279993
0.6,77,150,82,84,567,1764,390.075405452307,419.551859378174,176.924594547693,0.4535651109368,147.448140621826,0.351441990604835,2.35725709008228,2.18515315610058
0.6,78,150,89,87,612,2133,489.556821799181,517.344103060375,122.443178200819,0.250110248184931,94.6558969396254,0.18296506402544,1.91974319676213,1.80799821088396
0.6,79,150,83,84,516,1619,333.751552840444,363.338261947864,182.248447159556,0.546060222367512,152.661738052136,0.420164221719213,2.46192731677352,2.32752332109953
0.6,80,150,99,86,650,2194,510.203542610675,544.00163967521,139.796457389325,0.274001345960863,105.99836032479,0.19484933977051,2.04898707093196,1.93099526956552
0.6,81,150,81,82,540,1719,368.134312996455,394.4313236663,171.865687003545,0.466855929849714,145.5686763337,0.369059624830547,2.4335186957937,2.29673403008516
0.6,82,150,73,81,513,1692,365.953890566244,386.957077895301,147.046109433756,0.401815947922376,126.042922104699,0.325728431665496,2.36465441395524,2.28673306026135
0.6,83,150,87,88,582,1954,431.522728640166,459.590423638271,150.477271359834,0.34871227254709,122.409576361729,0.266344923796919,2.11466399020412,2.02013456308799
0.6,84,150,90,89,586,1921,402.163704422332,431.978224760976,183.836295577668,0.457118067981124,154.021775239024,0.356549859253317,2.32926044815386,2.23492545801546
0.6,85,150,101,88,651,2233,466.192959890707,498.319636122004,184.807040109293,0.39641748376599,152.680363877996,0.306390422553236,2.1265663906832,2.08071263295754
0.6,86,150,95,85,648,2330,526.957668643599,554.266163042721,121.042331356401,0.229700293892614,93.7338369572792,0.169113402923091,1.97946530843687,1.96993603305526
0.6,87,150,83,84,569,1700,359.973043635702,388.213353952708,209.026956364298,0.580673914505212,180.786646047292,0.465688890416983,2.67747092553648,2.55317495220765
0.6,88,150,97,83,604,2119,451.193746179045,484.121010106581,152.806253820955,0.338671036810686,119.878989893419,0.247621952757281,1.95880333527075,1.90081997828473
0.6,89,150,82,85,596,1984,426.770653353939,449.117733281891,169.229346646061,0.396534638256188,146.882266718109,0.32704624162751,2.41416294308055,2.33880763713398
0.6,90,150,86,87,551,1765,376.691926264818,405.36226216733,174.308073735182,0.462733766193442,145.63773783267,0.359277987679453,2.31020143068896,2.19414293480118
0.6,91,150,99,84,629,2182,518.137538870272,549.525049473956,110.862461129728,0.213963383875733,79.4749505260437,0.144624800274569,1.90633082825811,1.83079589414789
0.6,92,150,84,87,580,1863,430.850000833161,459.839612043891,149.149999166839,0.34617616079475,120.160387956109,0.261309345278067,2.20552479516119,2.06327106539107
0.6,93,150,84,77,509,1635,343.517412917768,372.521129367448,165.482587082232,0.481729836274257,136.478870632552,0.366365448489585,2.24834745930414,2.11622064885846
0.6,94,150,88,85,562,1840,391.44784013605,423.405197631284,170.55215986395,0.435695748901496,138.594802368716,0.327333729354472,2.25107418455381,2.15258334245061
0.6,95,150,95,86,597,2035,430.408850550124,461.096563026246,166.591149449876,0.387053261653306,135.903436973754,0.294739644298797,2.14435090021132,2.06369036343793
0.6,96,150,83,88,576,1918,432.419310878657,459.544742604733,143.580689121343,0.33204041889247,116.455257395267,0.253414404732802,2.32172089956349,2.22890243831977
0.6,97,150,84,79,512,1636,361.276561431693,392.00000516969,150.723438568307,0.417196836603542,119.99999483031,0.306122431754469,2.21327424944184,2.05415592400968
0.6,98,150,95,89,638,2246,477.476064362109,506.261869545368,160.523935637891,0.336192633765518,131.738130454632,0.260217366504287,2.10694655130777,2.04146544817333
0.6,99,150,92,81,586,2008,433.845160142736,463.393898855123,152.154839857264,0.350712313598715,122.606101144877,0.264582899014837,2.15681398390547,2.06271681766211
0.6,100,150,85,84,585,1967,438.927111754996,466.182118532321,146.072888245004,0.332795319161193,118.817881467679,0.254874386520343,2.17168166646545,2.0915420448626
0.8,1,75,65,71,358,1167,196.220743420561,219.935581584334,161.779256579439,0.824475811064968,138.064418415666,0.627749350155626,2.84214437214521,2.73701065931074
0.8,2,75,72,72,443,1618,292.793097312292,312.749971158872,150.206902687708,0.513013811003535,130.250028841128,0.416466957162285,2.40926853772477,2.35121989922938
0.8,3,75,62,68,356,1068,211.712037969878,233.821453468885,144.287962030122,0.681529323574178,122.178546531115,0.522529240660002,2.58979532167635,2.39354560875057
0.8,4,75,66,77,385,1127,184.263871448354,211.494839841161,200.736128551646,1.08939493658641,173.505160158839,0.820375382629411,3.16578128108555,2.90511369182707
0.8,5,75,67,69,401,1298,221.208815449291,242.832030754985,179.791184550709,0.812766815759764,158.167969245015,0.651347224471408,2.84017620407029,2.69780805868921
0.8,6,75,65,72,387,1274,235.898344883476,260.566134885962,151.101655116524,0.640537156761999,126.433865114038,0.485227541826844,2.6167972569619,2.4450739709152
0.8,7,75,69,78,419,1373,237.389407774962,262.392187400657,181.610592225038,0.765032416261804,156.607812599343,0.596846324392318,2.82402731114548,2.67887653381078
0.8,8,75,66,73,407,1415,247.544009286458,267.664530887892,159.455990713542,0.644152089049424,139.335469112108,0.520560078131785,2.74656653969724,2.70218573106937
0.8,9,75,63,72,406,1360,255.339701784686,275.022754882505,150.660298215314,0.590038670689595,130.977245117495,0.476241484721695,2.84644291876613,2.79926623053196
0.8,10,75,73,71,422,1490,279.732191512631,304.218164980934,142.267808487369,0.508585757391975,117.781835019066,0.387162400464966,2.14207964600382,2.04386726556239
0.8,11,75,81,78,435,1569,288.781963265277,317.809339001381,146.218036734723,0.506326763214106,117.190660998619,0.368745177114225,2.12568364861621,2.01107237811897
0.8,12,75,65,72,365,1043,185.484807379497,211.974639634791,179.515192620503,0.967816152474529,153.025360365209,0.7219040948901,2.78725787296159,2.50473716754183
0.8,13,75,67,74,387,1335,236.925250938724,262.403932512134,150.074749061276,0.633426570053901,124.596067487866,0.474825458197369,2.40569182380723,2.29088889568733
0.8,14,75,65,71,364,1245,221.570451052243,242.203740169773,142.429548947757,0.642818337334045,121.796259830227,0.502866965410415,2.37263613277829,2.25315255732782
0.8,15,75,73,71,392,1350,259.864789954036,287.168598726595,132.135210045964,0.508476773899751,104.831401273405,0.365051756139993,2.33208872702836,2.2197911300441
0.8,16,75,77,73,427,1410,255.662447895642,282.952595050039,171.337552104358,0.670170975497725,144.047404949961,0.50908670734929,2.43710974161504,2.31664345005953
0.8,17,75,64,69,358,1218,213.379948555979,235.75594852471,144.620051444021,0.677758394932222,122.24405147529,0.518519478470241,2.36476042881282,2.22298027052665
0.8,18,75,68,70,395,1304,234.982069706253,259.767767780052,160.017930293747,0.680979321076633,135.232232219948,0.520588960576702,2.66966712229797,2.49863783832755
0.8,19,75,53,61,311,1078,199.808502280262,217.526284981483,111.191497719738,0.556490321737032,93.4737150185167,0.429712276042749,2.27954941210826,2.12367243253435
0.8,20,75,65,74,400,1444,273.636256195429,293.354922640207,126.363743804571,0.46179459389447,106.645077359793,0.363536007509205,2.40796965563907,2.31393169893944
0.8,21,75,71,67,408,1452,281.210914343551,303.472042383763,126.789085656449,0.450868295608017,104.527957616237,0.344440155986604,2.04921729248411,1.98348800193724
0.8,22,75,58,70,353,1144,206.111105913714,226.32768221592,146.888894086286,0.712668506799334,126.67231778408,0.559685481439394,2.88848216766831,2.73318275348274
0.8,23,75,59,73,367,1261,228.931515177436,249.391888790697,138.068484822564,0.603099510853944,117.608111209303,0.471579536045002,2.53196443092854,2.40647134791502
0.8,24,75,67,77,383,1291,221.952769647129,245.760292483222,161.047230352871,0.725592343852752,137.239707516778,0.558429134869893,2.68393348469956,2.55825725278497
0.8,25,75,79,66,408,1314,241.189956235965,268.947207786453,166.810043764035,0.691612728686094,139.052792213547,0.51702634638972,2.3167569001456,2.27434892562258
0.8,26,75,59,64,287,789,130.486611162786,157.418279326807,156.513388837214,1.19945937320694,129.581720673193,0.823168193854889,2.68643031927481,2.35750737810953
0.8,27,75,76,79,484,1841,345.586033016892,365.719371264757,138.413966983108,0.400519563174427,118.280628735243,0.323419096795984,2.26146200506265,2.28679403651738
0.8,28,75,67,72,364,1238,228.125288759031,251.4529163039,135.874711240969,0.59561441863858,112.5470836961,0.447587108355819,2.28565937855177,2.16864497004646
0.8,29,75,65,77,388,1329,227.460988019991,247.14502352766,160.539011980009,0.705787015951499,140.85497647234,0.569928434980505,2.75929550752248,2.70216917545628
0.8,30,75,67,74,350,1210,201.343049991664,224.133398371775,148.656950008336,0.738326701688936,125.866601628225,0.561570040621287,2.36493004090054,2.24178352849733
0.8,31,75,70,72,446,1529,287.145802703341,308.231025064938,158.854197296659,0.553217897671225,137.768974935062,0.446966605344276,2.50308579504138,2.41261453116832
0.8,32,75,68,69,330,952,167.742774471067,196.428032145296,162.257225528933,0.967297852563652,133.571967854704,0.680004612355443,2.5301261664028,2.32440676159658
0.8,33,75,75,73,458,1565,305.427160993699,330.314231827431,152.572839006301,0.499539197856241,127.685768172569,0.386558482406767,2.32894407184638,2.25882572427548
0.8,34,75,65,76,418,1390,250.031753251639,271.0428601913,167.968246748361,0.671787661222826,146.9571398087,0.542191517994528,2.75567751720408,2.67415056881505
0.8,35,75,74,73,408,1500,268.53952161777,290.21475806901,139.46047838223,0.519329436285859,117.78524193099,0.40585545240598,2.28407229192203,2.24862346410115
0.8,36,75,72,71,420,1257,230.450711836388,258.232103861934,189.549288163612,0.822515524700071,161.767896138066,0.626443783397888,2.81463505241128,2.61770127498553
0.8,37,75,67,71,355,1170,198.463799970592,222.329217586454,156.536200029408,0.788739306879154,132.670782413546,0.596731207233059,2.5940792077495,2.5095396488905
0.8,38,75,69,72,410,1423,283.109187871619,302.906768132644,126.890812128381,0.448204500469701,107.093231867356,0.35355179591253,2.26589970604938,2.24991559463982
0.8,39,75,59,74,351,942,154.321832664753,179.237514027738,196.678167335247,1.27446754577175,171.762485972262,0.958295404307389,3.34064690398724,3.04054609375709
0.8,40,75,65,68,359,1193,221.539009048878,243.41179878335,137.460990951122,0.62048210624971,115.58820121665,0.4748668790683,2.46437532852115,2.33278464941064
0.8,41,75,69,71,395,1330,235.760953803551,258.635030243285,159.239046196449,0.67542586517162,136.364969756715,0.527248646977341,2.51818492727745,2.44612165891203
0.8,42,75,62,80,381,1179,208.005602247066,231.27380266308,172.994397752934,0.831681434942575,149.72619733692,0.647398000174886,2.85307530836991,2.74224721656609
0.8,43,75,67,80,412,1338,250.087969198546,275.384392476516,161.912030801454,0.647420311022285,136.615607523484,0.49609059647465,2.61104615551838,2.42707298793945
0.8,44,75,76,72,405,1424,232.923183030482,258.716533632156,172.076816969518,0.738770674222666,146.283466367844,0.565419860548341,2.57602094554943,2.54097380680743
0.8,45,75,75,74,426,1540,293.974849765303,315.592221145425,132.025150234697,0.449103555423534,110.407778854575,0.349843156633759,2.15962774746606,2.16894618359639
0.8,46,75,66,72,357,1153,202.933907575401,229.306412559035,154.066092424599,0.759193445123776,127.693587440965,0.556868802821161,2.40449168507867,2.20029492682418
0.8,47,75,72,77,423,1485,266.43497276315,292.48756904426,156.56502723685,0.587629415212058,130.51243095574,0.446215308849554,2.47703638721947,2.24797294838618
0.8,48,75,73,77,446,1616,305.43209607286,327.29006305766,140.56790392714,0.460226366955252,118.70993694234,0.362705594643814,2.31695795942918,2.25837379276074
0.8,49,75,67,77,419,1317,239.341064313834,264.004966148697,179.658935686166,0.750639829405076,154.995033851303,0.587091357076986,2.8623861344943,2.70473483418782
0.8,50,75,67,75,412,1370,250.661286254396,273.164014750467,161.338713745604,0.643652301304563,138.835985249533,0.508251371895957,2.55854987097916,2.4572615576119
0.8,51,75,69,74,415,1345,264.742669933896,290.87353656738,150.257330066104,0.567559925657706,124.12646343262,0.426736872997956,2.46554075117473,2.3001125073969
0.8,52,75,67,73,404,1377,258.186792857055,280.44038694435,145.813207142945,0.564758582456515,123.55961305565,0.440591365608722,2.4854002445591,2.41077403466176
0.8,53,75,65,71,369,1191,233.046460170234,258.460050616745,135.953539829766,0.583375262299441,110.539949383255,0.427686789968048,2.45468304109356,2.23613097877014
0.8,54,75,64,73,360,1092,173.821561996553,199.342991616047,186.178438003447,1.07108943139712,160.657008383953,0.805932564177595,2.95784178130386,2.72831879688778
0.8,55,75,77,66,384,1370,233.971903461186,261.382155522232,150.028096538814,0.641222703749566,122.617844477768,0.469113295943185,2.17046287572795,2.06402530159822
0.8,56,75,70,74,415,1359,256.338302850549,280.06100926989,158.661697149451,0.618954309149634,134.93899073011,0.481819983016884,2.49430170986317,2.36985221523877
0.8,57,75,74,76,440,1565,275.44649484027,297.660852763772,164.55350515973,0.597406422815996,142.339147236228,0.478192365286242,2.60593140292224,2.54774740952174
0.8,58,75,52,67,306,855,138.704320064734,160.875311175283,167.295679935266,1.20613171858806,145.124688824717,0.902094222938876,3.2457551910628,2.98641740931806
0.8,59,75,66,73,394,1177,211.903833866057,239.247502258085,182.096166133943,0.859333985665615,154.752497741915,0.646830149871232,2.87736724836638,2.60908446373671
0.8,60,75,72,71,393,1332,271.7500807238,297.922952608549,121.2499192762,0.44618172312315,95.0770473914507,0.319133005896244,1.99206452345281,1.87487173315332
0.8,61,75,65,73,386,1384,245.351301532707,268.046951852559,140.648698467293,0.57325434015904,117.953048147441,0.440046220754345,2.34538835937741,2.27763179375812
0.8,62,75,82,75,455,1661,290.928121747251,315.559418324015,164.071878252749,0.563960188060778,139.440581675985,0.441883758109886,2.3395374755974,2.28299815956826
0.8,63,75,72,74,428,1399,241.20012898143,264.834413077657,186.79987101857,0.77446007930183,163.165586922343,0.616104172513633,2.77925197756347,2.6724067592936
0.8,64,75,68,68,364,1294,245.535538594144,268.759321234488,118.464461405856,0.482473788047731,95.2406787655123,0.354371630081684,1.94728031091174,1.84547418300973
0.8,65,75,74,78,473,1533,305.965682658154,329.197262106332,167.034317341846,0.545925006656604,143.802737893668,0.436828474737494,2.49226011247932,2.40856592968058
0.8,66,75,52,65,299,929,171.42161397583,189.912306267524,127.57838602417,0.744237456789772,109.087693732476,0.574410873504993,2.84352401697396,2.58848624260532
0.8,67,75,70,78,402,1431,258.006509099111,283.600120195067,143.993490900889,0.558100225469797,118.399879804933,0.417488820962047,2.22394885418753,2.09526993375761
0.8,68,75,62,68,363,1180,234.886823167115,256.148281961193,128.113176832885,0.545425133285304,106.851718038807,0.417147900507858,2.27690153071089,2.14869728648819
0.8,69,75,78,75,472,1685,317.478248496713,341.396708831628,154.521751503287,0.486716026168599,130.603291168372,0.3825558003044,2.39926566091858,2.31289104611244
0.8,70,75,82,71,433,1616,288.332332915659,314.359826399608,144.667667084341,0.501739314566076,118.640173600392,0.377402465700496,2.08573027240577,2.0124643954197
0.8,71,75,75,69,357,1206,205.18064336576,237.155257137225,151.81935663424,0.73993021049068,119.844742862775,0.505342973668216,2.20606793488372,2.02601837578925
0.8,72,75,76,66,422,1447,251.32583661657,276.155458016428,170.67416338343,0.679095176529004,145.844541983572,0.528124785333396,2.49861555826687,2.37815765598574
0.8,73,75,60,65,319,901,159.345160556711,184.695900643477,159.654839443289,1.00194344707737,134.304099356523,0.727163401508153,2.79270032405481,2.53886637532826
0.8,74,75,84,75,468,1685,306.346630309263,332.317846781934,161.653369690737,0.527681239801936,135.682153218066,0.408290299579065,2.17708979416013,2.10242940989208
0.8,75,75,79,71,434,1491,262.113801585406,289.187918948314,171.886198414594,0.655769354284029,144.812081051686,0.500754255496985,2.5006707397857,2.43573224235491
0.8,76,75,71,72,415,1455,268.646550300852,290.99947616739,146.353449699148,0.544780677567794,124.00052383261,0.426119405662717,2.45075509306263,2.34425117372078
0.8,77,75,60,63,331,981,180.370645555287,204.783559086065,150.629354444713,0.83511013658008,126.216440913935,0.61634069393671,2.65193744504918,2.47503025731345
0.8,78,75,66,73,372,1236,212.703699022479,235.052898059496,159.296300977521,0.748911757104357,136.947101940504,0.58262247805105,2.61206626462911,2.56353101807365
0.8,79,75,76,72,414,1393,253.163200530189,280.007643007446,160.836799469811,0.635308761830222,133.992356992554,0.47853106991437,2.2604721609509,2.15359931352757
0.8,80,75,68,71,366,1267,221.680081938761,247.173291870631,144.319918061239,0.651027899299977,118.826708129369,0.480742507534197,2.27960173045939,2.15773007305856
0.8,81,75,64,70,392,1326,253.777442132969,274.365442657545,138.222557867031,0.544660536828205,117.634557342455,0.428751362427531,2.46796182835712,2.36498344400328
0.8,82,75,64,65,318,999,169.100348559662,194.644811623914,148.899651440338,0.880540180482262,123.355188376086,0.63374506285032,2.45436617213968,2.29613307687818
0.8,83,75,65,69,348,1190,219.224113081995,243.262729040526,128.775886918005,0.587416617212356,104.737270959474,0.430552067604347,2.30319193554382,2.23795711780116
0.8,84,75,69,76,425,1372,264.151654475387,286.947522019718,160.848345524613,0.608924240296973,138.052477980282,0.481107057515538,2.58462658595782,2.47507912178629
0.8,85,75,64,76,418,1338,238.431635416481,260.579423591549,179.568364583519,0.753123067204806,157.420576408451,0.604117448103667,2.9430444223511,2.82562543486191
0.8,86,75,65,73,351,1165,196.349703306639,219.257370259646,154.650296693361,0.787626841746957,131.742629740354,0.600858386581688,2.65166637957536,2.495776836531
0.8,87,75,75,69,399,1335,250.044842421483,278.387424844268,148.955157578517,0.595713777320924,120.612575155732,0.433254394386538,2.2975962582836,2.11845403922605
0.8,88,75,67,66,360,1138,209.729899796925,235.052973840873,150.270100203075,0.716493453477909,124.947026159127,0.531569646269245,2.44784380778148,2.28089292529663
0.8,89,75,61,79,405,1375,240.402765561096,257.207134281716,164.597234438904,0.68467279922815,147.792865718284,0.574606400911133,3.02445981842149,3.00503150228891
0.8,90,75,68,72,399,1300,235.88593313823,258.777235986978,163.11406686177,0.69149552366984,140.222764013022,0.541866688846148,2.52451341870249,2.42357180581291
0.8,91,75,81,71,434,1474,263.258887961914,291.132627823277,170.741112038086,0.648567322303613,142.867372176723,0.490729511305228,2.38403117655308,2.29467566696032
0.8,92,75,73,72,401,1415,264.092109528435,288.076554019272,136.907890471565,0.518409621234153,112.923445980728,0.391991102383059,2.14707525899075,2.01069034148092
0.8,93,75,65,73,367,1196,207.235211144873,229.687686618232,159.764788855127,0.770934572230774,137.312313381768,0.597821831041369,2.61130129937179,2.45962486130712
0.8,94,75,79,73,446,1497,297.332478579803,323.285066023003,148.667521420197,0.500004312109802,122.714933976997,0.37958738857509,2.3315438281955,2.28365464065665
0.8,95,75,77,69,401,1429,250.851346519587,275.502968149989,150.148653480413,0.598556298635173,125.497031850011,0.455519708889992,2.21115007169737,2.17002720684722
0.8,96,75,56,71,356,1122,203.536512883911,223.050040144365,152.463487116089,0.749071923046295,132.949959855635,0.596054408999816,3.03808424571485,2.90387731465098
0.8,97,75,72,74,437,1528,265.097468671665,287.724062495051,171.902531328335,0.648450293356982,149.275937504949,0.518816313833735,2.63708616964739,2.51566556513044
0.8,98,75,74,71,344,1222,206.671639107812,238.509857874843,137.328360892188,0.664476081406356,105.490142125157,0.442288394555634,2.00616095509005,1.82088753134345
0.8,99,75,76,73,480,1722,364.33640814499,385.105579207648,115.66359185501,0.317463721081042,94.8944207923518,0.246411441214631,2.0409227414588,1.99188908608259
0.8,100,75,72,70,420,1416,264.995409452844,289.600693342935,155.004590547156,0.584933115887576,130.399306657065,0.450272770937917,2.57069573157822,2.47187445041605
