"model_rep","n_links","mean_interacting_sites","median_interacting_sites","q95_interacting_sites","max_interacting_sites","proportion_single_site_links","mean_repeatability","median_repeatability"
1,851,1.38660399529965,1,3,7,0.739130434782609,0.43002858707282,0.333333333333333
2,880,1.3375,1,3,5,0.748863636363636,0.427769658036381,0.333333333333333
3,905,1.39337016574586,1,3,8,0.750276243093923,0.428947250772845,0.333333333333333
4,912,1.37938596491228,1,3,6,0.744517543859649,0.428241474362512,0.333333333333333
5,885,1.4180790960452,1,3,8,0.728813559322034,0.422712090765575,0.3
6,916,1.3853711790393,1,3,6,0.739082969432314,0.437283148017026,0.333333333333333
7,898,1.37416481069042,1,3,8,0.750556792873051,0.426653364126563,0.333333333333333
8,900,1.40666666666667,1,3,7,0.715555555555556,0.435527418124103,0.333333333333333
9,904,1.40265486725664,1,3,8,0.757743362831858,0.437804787511512,0.333333333333333
10,896,1.41964285714286,1,3,8,0.734375,0.432690374410053,0.333333333333333
11,930,1.41182795698925,1,3,7,0.736559139784946,0.441721580370923,0.333333333333333
12,905,1.40883977900552,1,3,8,0.729281767955801,0.424436261651965,0.333333333333333
13,898,1.36748329621381,1,3,11,0.759465478841871,0.423809472418245,0.333333333333333
14,928,1.35560344827586,1,3,10,0.764008620689655,0.432005631221857,0.333333333333333
15,894,1.3993288590604,1,3,7,0.749440715883669,0.423925092816078,0.333333333333333
16,927,1.39697950377562,1,3,8,0.730312837108954,0.431491053591952,0.333333333333333
17,907,1.41565600882029,1,3,7,0.729878721058434,0.432785856096204,0.333333333333333
18,883,1.34428086070215,1,3,7,0.774631936579841,0.420479786209826,0.333333333333333
19,839,1.38140643623361,1,3,6,0.735399284862932,0.422111311628654,0.285714285714286
20,915,1.40874316939891,1,3,9,0.743169398907104,0.442180045126984,0.333333333333333
21,918,1.39542483660131,1,3,8,0.727668845315904,0.426088103803352,0.333333333333333
22,894,1.40604026845638,1,3,7,0.740492170022371,0.408950144877407,0.285714285714286
23,930,1.38924731182796,1,3,10,0.731182795698925,0.434653773097582,0.333333333333333
24,904,1.39601769911504,1,3,8,0.747787610619469,0.432165936232933,0.333333333333333
25,935,1.40106951871658,1,3,8,0.749732620320856,0.430416745871179,0.333333333333333
26,911,1.403951701427,1,3,8,0.727771679473107,0.420251441124656,0.333333333333333
27,932,1.42274678111588,1,3,7,0.734978540772532,0.421317917269517,0.333333333333333
28,891,1.38496071829405,1,3,9,0.749719416386083,0.429487930478835,0.333333333333333
29,927,1.41639697950378,1,3,9,0.729234088457389,0.426972972957625,0.333333333333333
30,872,1.34862385321101,1,3,7,0.767201834862385,0.428894382155022,0.333333333333333
31,928,1.37715517241379,1,3,7,0.745689655172414,0.435385150894338,0.333333333333333
32,889,1.38245219347582,1,3,9,0.754780652418448,0.416359827465997,0.285714285714286
33,876,1.39041095890411,1,3,6,0.734018264840183,0.424220522546287,0.333333333333333
34,910,1.39230769230769,1,3,8,0.746153846153846,0.429170734590361,0.333333333333333
35,878,1.39749430523918,1,3,6,0.739179954441913,0.436642669169746,0.333333333333333
36,927,1.41208198489752,1,3,8,0.746494066882416,0.435715259715124,0.333333333333333
37,918,1.37472766884532,1,3,7,0.746187363834423,0.430441903367906,0.333333333333333
38,934,1.39400428265525,1,3,8,0.729122055674518,0.441668621294324,0.333333333333333
39,922,1.36334056399132,1,3,6,0.752711496746204,0.413540982487933,0.310096153846154
40,907,1.36934950385888,1,3,7,0.743109151047409,0.432706492311875,0.333333333333333
41,905,1.37237569060773,1,3,5,0.750276243093923,0.428680399532471,0.333333333333333
42,901,1.38956714761376,1,3,7,0.735849056603774,0.42155247992928,0.333333333333333
43,887,1.37767756482525,1,3,8,0.74859075535513,0.423457333711221,0.333333333333333
44,911,1.39297475301866,1,3,7,0.762897914379802,0.434391652963993,0.333333333333333
45,895,1.39664804469274,1,3,7,0.73072625698324,0.421084448669871,0.333333333333333
46,930,1.38924731182796,1,3,8,0.740860215053763,0.434558660200471,0.333333333333333
47,890,1.3247191011236,1,3,7,0.779775280898876,0.416138564739902,0.333333333333333
48,876,1.36643835616438,1,3,7,0.756849315068493,0.414491867741513,0.333333333333333
49,894,1.39597315436242,1,3,8,0.738255033557047,0.420581363107624,0.333333333333333
50,867,1.37139561707036,1,3,8,0.753171856978085,0.431193989509409,0.333333333333333
51,897,1.3901895206243,1,3,6,0.74247491638796,0.444324010796223,0.333333333333333
52,887,1.40473506200676,1,3,7,0.750845546786922,0.437126804122019,0.333333333333333
53,865,1.35260115606936,1,3,7,0.767630057803468,0.416697153181193,0.333333333333333
54,931,1.39634801288937,1,3,5,0.729323308270677,0.427288536565567,0.333333333333333
55,906,1.38852097130243,1,3,7,0.736203090507726,0.427490582939761,0.333333333333333
56,912,1.38706140350877,1,3,8,0.742324561403509,0.431221175758516,0.333333333333333
57,879,1.41183162684869,1,3,6,0.738339021615472,0.436082371869588,0.333333333333333
58,890,1.41348314606742,1,3,8,0.737078651685393,0.430914850780735,0.333333333333333
59,903,1.40199335548173,1,3,6,0.744186046511628,0.434801526846786,0.333333333333333
60,868,1.37903225806452,1,3,7,0.73963133640553,0.419709895290037,0.333333333333333
61,891,1.34567901234568,1,3,6,0.7665544332211,0.415301468100299,0.333333333333333
62,942,1.40021231422505,1,3,10,0.746284501061571,0.423714414833506,0.333333333333333
63,897,1.38795986622074,1,3,6,0.743589743589744,0.427529303604484,0.333333333333333
64,947,1.33579725448786,1,3,8,0.761351636747624,0.435489756128823,0.333333333333333
65,926,1.37904967602592,1,3,6,0.73110151187905,0.430766453924519,0.333333333333333
66,933,1.35584137191854,1,3,9,0.769560557341908,0.421911750005148,0.333333333333333
67,913,1.4118291347207,1,3,7,0.750273822562979,0.427934217678795,0.333333333333333
68,898,1.41982182628062,1,3,8,0.746102449888641,0.429813036800013,0.333333333333333
69,904,1.39601769911504,1,3,8,0.736725663716814,0.426052465317105,0.333333333333333
70,930,1.36344086021505,1,3,6,0.753763440860215,0.42450155683242,0.333333333333333
71,895,1.39664804469274,1,3,8,0.743016759776536,0.431592710853373,0.333333333333333
72,902,1.38137472283814,1,3,7,0.742793791574279,0.417988214556458,0.292857142857143
73,933,1.39442658092176,1,3,7,0.7491961414791,0.427948804083267,0.333333333333333
74,884,1.35633484162896,1,3,7,0.755656108597285,0.409704858219056,0.285714285714286
75,941,1.33793836344315,1,3,8,0.763018065887354,0.431933165220858,0.333333333333333
76,918,1.34640522875817,1,3,6,0.760348583877996,0.43104889260428,0.333333333333333
77,914,1.37527352297593,1,3,8,0.75382932166302,0.446336446637749,0.333333333333333
78,932,1.41952789699571,1,3,10,0.728540772532189,0.429069023957087,0.333333333333333
79,915,1.40983606557377,1,3,7,0.737704918032787,0.429068197737558,0.333333333333333
80,916,1.39410480349345,1,3,6,0.747816593886463,0.428783922794759,0.333333333333333
81,877,1.38996579247434,1,3,8,0.748004561003421,0.422908303732405,0.307692307692308
82,864,1.33449074074074,1,3,6,0.755787037037037,0.404712681691692,0.292857142857143
83,897,1.37569676700111,1,3,7,0.755852842809365,0.42912799126584,0.333333333333333
84,867,1.39446366782007,1,3,6,0.756632064590542,0.410039326406292,0.333333333333333
85,891,1.37822671156004,1,3,6,0.744107744107744,0.44407907359888,0.333333333333333
86,868,1.34677419354839,1,3,6,0.758064516129032,0.423832779351812,0.333333333333333
87,932,1.3637339055794,1,3,8,0.765021459227468,0.436318794027992,0.333333333333333
88,873,1.42153493699885,1,3,7,0.729667812142039,0.429707479530448,0.333333333333333
89,948,1.39978902953587,1,3,7,0.738396624472574,0.436517749606395,0.333333333333333
90,932,1.40021459227468,1,3,7,0.739270386266094,0.442004505278851,0.333333333333333
91,888,1.41554054054054,1,3,7,0.730855855855856,0.420785009300926,0.285714285714286
92,860,1.4046511627907,1,3,7,0.736046511627907,0.418202548532194,0.333333333333333
93,859,1.40046565774156,1,3,8,0.750873108265425,0.419751380654495,0.3
94,896,1.40513392857143,1,3,12,0.736607142857143,0.424399511827049,0.333333333333333
95,897,1.41025641025641,1,3,7,0.738015607580825,0.410466746121192,0.285714285714286
96,887,1.41488162344983,1,3,9,0.756482525366404,0.423460791767991,0.3
97,881,1.37684449489217,1,3,10,0.746878547105562,0.422596041059397,0.3
98,888,1.40878378378378,1,3,7,0.746621621621622,0.42797045066207,0.333333333333333
99,874,1.40045766590389,1,3,6,0.729977116704805,0.423332395667135,0.333333333333333
100,883,1.4326160815402,1,3,6,0.708946772366931,0.421007940478403,0.333333333333333
101,902,1.40465631929047,1,3,9,0.726164079822616,0.42421595553783,0.333333333333333
102,922,1.37960954446855,1,3,6,0.739696312364425,0.439815441824547,0.333333333333333
103,905,1.38011049723757,1,3,7,0.738121546961326,0.428155075920001,0.333333333333333
104,891,1.39393939393939,1,3,6,0.742985409652076,0.441828167960816,0.333333333333333
105,844,1.43483412322275,1,3,9,0.73696682464455,0.424213545066318,0.333333333333333
106,909,1.36633663366337,1,3,5,0.743674367436744,0.424431571503631,0.333333333333333
107,910,1.3967032967033,1,3,7,0.728571428571429,0.431501298323164,0.333333333333333
108,876,1.36529680365297,1,3,6,0.752283105022831,0.425340594514247,0.333333333333333
109,902,1.39689578713969,1,3,6,0.727272727272727,0.433531725764761,0.333333333333333
110,912,1.34429824561404,1,3,7,0.760964912280702,0.416137661026302,0.333333333333333
111,893,1.40425531914894,1,3,8,0.727883538633819,0.429357413022827,0.333333333333333
112,898,1.37973273942094,1,3,10,0.747216035634744,0.426317605592795,0.333333333333333
113,926,1.40172786177106,1,3,7,0.747300215982721,0.442204765146087,0.333333333333333
114,923,1.37811484290358,1,3,10,0.763813651137595,0.444742898952372,0.333333333333333
115,863,1.38122827346466,1,3,7,0.741599073001159,0.40667546100723,0.3
116,899,1.40266963292547,1,3,9,0.743047830923248,0.424016627794685,0.333333333333333
117,913,1.4184008762322,1,3,9,0.736035049288061,0.424012286193943,0.333333333333333
118,905,1.40994475138122,1,3,8,0.723756906077348,0.430755465569461,0.333333333333333
119,883,1.40656851642129,1,3,7,0.72480181200453,0.424103082521148,0.333333333333333
120,845,1.36923076923077,1,3,7,0.759763313609467,0.423636121487602,0.333333333333333
121,935,1.37647058823529,1,3,7,0.751871657754011,0.439749339644528,0.333333333333333
122,893,1.37849944008959,1,3,6,0.737961926091825,0.424188828276661,0.333333333333333
123,874,1.39816933638444,1,3,9,0.75629290617849,0.430766710239015,0.333333333333333
124,931,1.39205155746509,1,3,8,0.748657357679914,0.436199970216451,0.333333333333333
125,933,1.36441586280815,1,3,9,0.767416934619507,0.425131152844239,0.333333333333333
126,896,1.38392857142857,1,3,7,0.743303571428571,0.447773631892415,0.333333333333333
127,901,1.40843507214206,1,3,7,0.72142064372919,0.417274142364491,0.333333333333333
128,908,1.38215859030837,1,3,8,0.761013215859031,0.415937908938656,0.333333333333333
129,918,1.3681917211329,1,3,8,0.752723311546841,0.433098420513936,0.333333333333333
130,892,1.42264573991031,1,3,9,0.732062780269058,0.433856509036569,0.333333333333333
131,921,1.38870792616721,1,3,7,0.750271444082519,0.424873046239698,0.333333333333333
132,883,1.40090600226501,1,3,8,0.733861834654587,0.414026797008858,0.333333333333333
133,874,1.38100686498856,1,3,6,0.749427917620137,0.411266903805476,0.285714285714286
134,886,1.39051918735892,1,3,9,0.743792325056433,0.43066017154604,0.333333333333333
135,881,1.40749148694665,1,3,9,0.737797956867196,0.423824434761498,0.333333333333333
136,925,1.36864864864865,1,3,7,0.742702702702703,0.42422380214551,0.333333333333333
137,887,1.39233370913191,1,3,7,0.746335963923337,0.416643876184334,0.333333333333333
138,889,1.40944881889764,1,3,6,0.730033745781777,0.419114132391013,0.333333333333333
139,886,1.35553047404063,1,3,7,0.757336343115124,0.42218141174133,0.333333333333333
140,900,1.39777777777778,1,3,8,0.74,0.422289946400828,0.333333333333333
141,911,1.4006586169045,1,3,10,0.73655323819978,0.430271359001868,0.333333333333333
142,883,1.36126840317101,1,3,6,0.757644394110985,0.422647052899101,0.333333333333333
143,885,1.36610169491525,1,3,8,0.763841807909605,0.420607170958062,0.333333333333333
144,894,1.3579418344519,1,3,7,0.772930648769575,0.415091006208764,0.333333333333333
145,894,1.39485458612975,1,3,8,0.731543624161074,0.417431747461232,0.333333333333333
146,900,1.36888888888889,1,3,8,0.75,0.429847051739744,0.333333333333333
147,895,1.3731843575419,1,3,6,0.735195530726257,0.432317354059863,0.333333333333333
148,885,1.39661016949153,1,3,6,0.733333333333333,0.423440977720925,0.333333333333333
149,922,1.41323210412148,1,3,8,0.732104121475054,0.430722175568875,0.333333333333333
150,837,1.40979689366786,1,3,7,0.727598566308244,0.406089709083314,0.333333333333333
151,928,1.36853448275862,1,3,9,0.761853448275862,0.432092470732106,0.333333333333333
152,895,1.4,1,3,12,0.734078212290503,0.440721525270778,0.333333333333333
153,936,1.38568376068376,1,3,7,0.751068376068376,0.413672980894223,0.3
154,913,1.37787513691128,1,3,6,0.754654983570646,0.421617122365399,0.333333333333333
155,903,1.41196013289037,1,3,10,0.733111849390919,0.413646029763808,0.333333333333333
156,888,1.38963963963964,1,3,8,0.743243243243243,0.422369982194694,0.285714285714286
157,880,1.38636363636364,1,3,8,0.751136363636364,0.412143733017999,0.285714285714286
158,921,1.35613463626493,1,3,7,0.763300760043431,0.423803563082644,0.333333333333333
159,911,1.39187705817783,1,3,6,0.740944017563117,0.433294560030621,0.333333333333333
160,912,1.38267543859649,1,3,6,0.735745614035088,0.416386522085088,0.285714285714286
161,898,1.38752783964365,1,3,8,0.742761692650334,0.423628422556626,0.333333333333333
162,902,1.3980044345898,1,3,8,0.749445676274945,0.430714843308538,0.333333333333333
163,890,1.36516853932584,1,3,6,0.752808988764045,0.413527040738464,0.3
164,915,1.3103825136612,1,3,6,0.781420765027322,0.412298937186833,0.333333333333333
165,924,1.4004329004329,1,3,7,0.747835497835498,0.43845809654233,0.333333333333333
166,901,1.338512763596,1,3,6,0.756936736958934,0.429524514838506,0.333333333333333
167,903,1.36101882613511,1,3,8,0.758582502768549,0.433826652327645,0.333333333333333
168,910,1.40769230769231,1,3,7,0.734065934065934,0.428295785504679,0.333333333333333
169,852,1.36384976525822,1,3,8,0.751173708920188,0.421687334952247,0.285714285714286
170,899,1.38153503893215,1,3,7,0.744160177975528,0.415452433205203,0.333333333333333
171,883,1.37938844847112,1,3,7,0.763306908267271,0.432244116004308,0.333333333333333
172,904,1.38274336283186,1,3,6,0.740044247787611,0.431844253461158,0.333333333333333
173,890,1.40337078651685,1,3,7,0.743820224719101,0.432013164232399,0.333333333333333
174,900,1.36111111111111,1,3,7,0.754444444444444,0.424629158797462,0.333333333333333
175,876,1.42351598173516,1,3,6,0.710045662100457,0.421659703243551,0.333333333333333
176,877,1.4036488027366,1,3,8,0.75484606613455,0.429920185247305,0.333333333333333
177,925,1.38486486486486,1,3,7,0.743783783783784,0.430527671643181,0.333333333333333
178,918,1.40196078431373,1,3,8,0.733115468409586,0.432441885418806,0.333333333333333
179,919,1.42981501632209,1,3,7,0.702937976060936,0.433109475567226,0.333333333333333
180,890,1.38876404494382,1,3,6,0.737078651685393,0.422557623828117,0.333333333333333
181,921,1.33116178067318,1,3,6,0.765472312703583,0.431328069400114,0.333333333333333
182,876,1.40639269406393,1,3,7,0.747716894977169,0.431115787901992,0.333333333333333
183,911,1.37980241492865,1,3,8,0.748627881448957,0.432905404264664,0.333333333333333
184,928,1.37284482758621,1,3,8,0.747844827586207,0.438599376182209,0.333333333333333
185,897,1.40022296544036,1,3,8,0.740245261984392,0.428372092969724,0.333333333333333
186,910,1.39450549450549,1,3,11,0.731868131868132,0.438793216575277,0.333333333333333
187,882,1.3843537414966,1,3,9,0.740362811791383,0.432210229755078,0.333333333333333
188,913,1.40416210295728,1,3,8,0.738225629791895,0.419856378787126,0.333333333333333
189,941,1.3740701381509,1,3,7,0.749202975557917,0.432782640675637,0.333333333333333
190,924,1.37445887445887,1,3,6,0.742424242424242,0.427637174279384,0.333333333333333
191,906,1.38852097130243,1,3,7,0.742825607064018,0.427031646777975,0.333333333333333
192,897,1.37458193979933,1,3,7,0.748049052396878,0.424256356873392,0.333333333333333
193,904,1.40154867256637,1,3,6,0.735619469026549,0.443825139858151,0.333333333333333
194,923,1.37486457204767,1,3,9,0.76489707475623,0.417811568540159,0.333333333333333
195,880,1.3875,1,3,7,0.735227272727273,0.428148717895107,0.333333333333333
196,890,1.40337078651685,1,3,6,0.726966292134831,0.429239509063182,0.310096153846154
197,884,1.41289592760181,1,3,9,0.73868778280543,0.414519697446913,0.32051282051282
198,856,1.3785046728972,1,3,8,0.766355140186916,0.422609584417447,0.333333333333333
199,902,1.38248337028825,1,3,8,0.738359201773836,0.418760349157064,0.333333333333333
200,917,1.38822246455834,1,3,9,0.753544165757906,0.428238990289605,0.333333333333333
201,887,1.34160090191657,1,3,5,0.76662908680947,0.418518505851189,0.333333333333333
202,862,1.38167053364269,1,3,7,0.750580046403712,0.412749366391371,0.272727272727273
203,872,1.40596330275229,1,3,7,0.731651376146789,0.404795587017119,0.3
204,892,1.42713004484305,1,3,7,0.724215246636771,0.421278290892227,0.333333333333333
205,912,1.41118421052632,1,3,12,0.740131578947368,0.433226889064292,0.333333333333333
206,896,1.43638392857143,1,3,7,0.713169642857143,0.431215345982684,0.333333333333333
207,898,1.39086859688196,1,3,6,0.743875278396437,0.438943725426495,0.333333333333333
208,864,1.38310185185185,1,3,6,0.74537037037037,0.425470927540997,0.333333333333333
209,929,1.3702906350915,1,3,9,0.753498385360603,0.4173454508763,0.333333333333333
210,917,1.34460196292257,1,3,6,0.751363140676118,0.421877570917206,0.3
211,904,1.39601769911504,1,3,7,0.746681415929204,0.426280933116098,0.333333333333333
212,902,1.40354767184035,1,3,7,0.727272727272727,0.41868693809917,0.333333333333333
213,904,1.44800884955752,1,3,6,0.695796460176991,0.437528301712128,0.333333333333333
214,904,1.34181415929204,1,3,10,0.773230088495575,0.421333890012565,0.307692307692308
215,886,1.3961625282167,1,3,8,0.735891647855531,0.423950952316753,0.333333333333333
216,897,1.41025641025641,1,3,8,0.736900780379041,0.430307546935518,0.333333333333333
217,903,1.36987818383167,1,3,6,0.760797342192691,0.414368018484582,0.333333333333333
218,920,1.34130434782609,1,3,6,0.772826086956522,0.438698631646642,0.333333333333333
219,903,1.38870431893688,1,3,6,0.755260243632337,0.443084415426518,0.333333333333333
220,878,1.4248291571754,1,3,8,0.738041002277904,0.418545371608946,0.292857142857143
221,906,1.41059602649007,1,3,11,0.719646799116998,0.421549284024887,0.333333333333333
222,914,1.38621444201313,1,3,9,0.74507658643326,0.407343906015122,0.285714285714286
223,904,1.36725663716814,1,3,7,0.756637168141593,0.425238430720922,0.333333333333333
224,872,1.41628440366972,1,3,8,0.717889908256881,0.421432116893268,0.285714285714286
225,906,1.40286975717439,1,3,9,0.741721854304636,0.432033664507938,0.333333333333333
226,866,1.37990762124711,1,3,7,0.739030023094688,0.419977360168583,0.333333333333333
227,918,1.3562091503268,1,3,8,0.76797385620915,0.436117436389444,0.333333333333333
228,909,1.38613861386139,1,3,8,0.744774477447745,0.43368757531007,0.333333333333333
229,933,1.34297963558414,1,3,7,0.765273311897106,0.426419171430283,0.307692307692308
230,909,1.36083608360836,1,3,6,0.767876787678768,0.416321392408742,0.333333333333333
231,911,1.39846322722283,1,3,7,0.746432491767289,0.428930678690863,0.333333333333333
232,922,1.40347071583514,1,3,7,0.725596529284165,0.419076652200416,0.333333333333333
233,897,1.39241917502787,1,3,8,0.748049052396878,0.442443083311377,0.333333333333333
234,884,1.42194570135747,1,3,8,0.73868778280543,0.420844330327017,0.333333333333333
235,863,1.3928157589803,1,3,7,0.73928157589803,0.408947605770484,0.285714285714286
236,949,1.36670179135933,1,3,6,0.765015806111697,0.419339635911101,0.333333333333333
237,919,1.39499455930359,1,3,7,0.730141458106638,0.427464109969772,0.307692307692308
238,893,1.37513997760358,1,3,6,0.748040313549832,0.439472374916087,0.333333333333333
239,889,1.40719910011249,1,3,9,0.75140607424072,0.425902454133739,0.333333333333333
240,874,1.39130434782609,1,3,9,0.745995423340961,0.408484765814347,0.285714285714286
241,922,1.37093275488069,1,3,7,0.748373101952278,0.437133613959881,0.333333333333333
242,899,1.36373748609566,1,3,7,0.745272525027809,0.424389371918976,0.333333333333333
243,883,1.40317100792752,1,3,9,0.745186862967157,0.42192879872452,0.333333333333333
244,932,1.35622317596567,1,3,6,0.765021459227468,0.435531123813427,0.333333333333333
245,876,1.39269406392694,1,3,11,0.75,0.428251863012582,0.333333333333333
246,878,1.40318906605923,1,3,9,0.73120728929385,0.412281894329578,0.322916666666667
247,909,1.37733773377338,1,3,9,0.75027502750275,0.440380086274984,0.333333333333333
248,893,1.4053751399776,1,3,8,0.746920492721165,0.436445815653875,0.333333333333333
249,868,1.36290322580645,1,3,10,0.751152073732719,0.391096255627947,0.285714285714286
250,890,1.40898876404494,1,3,7,0.730337078651685,0.425418913762615,0.333333333333333
251,889,1.42294713160855,1,3,7,0.713160854893138,0.414549361440279,0.333333333333333
252,886,1.36907449209932,1,3,7,0.742663656884876,0.423949723997233,0.333333333333333
253,898,1.38975501113586,1,3,10,0.756124721603563,0.432659175971097,0.333333333333333
254,946,1.37949260042283,1,3,6,0.74630021141649,0.433749604659804,0.333333333333333
255,919,1.37105549510337,1,3,7,0.736670293797606,0.42858653501996,0.333333333333333
256,943,1.39978791092259,1,3,9,0.739130434782609,0.434325215573579,0.333333333333333
257,885,1.39209039548023,1,3,7,0.743502824858757,0.417934648166623,0.333333333333333
258,898,1.4075723830735,1,3,7,0.734966592427617,0.434550940087128,0.333333333333333
259,882,1.40929705215419,1,3,8,0.739229024943311,0.429015766809565,0.333333333333333
260,892,1.35986547085202,1,3,10,0.770179372197309,0.404903657285563,0.285714285714286
261,907,1.41124586549063,1,3,6,0.719955898566703,0.430530538442133,0.333333333333333
262,865,1.45202312138728,1,3,8,0.709826589595376,0.417948189255731,0.333333333333333
263,876,1.39497716894977,1,3,8,0.736301369863014,0.431514200075971,0.333333333333333
264,900,1.37777777777778,1,3,8,0.751111111111111,0.435724844109325,0.333333333333333
265,890,1.31797752808989,1,3,7,0.780898876404494,0.406611102438069,0.285714285714286
266,924,1.37012987012987,1,3,8,0.735930735930736,0.428279325482615,0.333333333333333
267,930,1.33978494623656,1,3,8,0.767741935483871,0.426702479341584,0.333333333333333
268,909,1.37073707370737,1,3,11,0.743674367436744,0.415004527049108,0.307692307692308
269,892,1.40582959641256,1,3,6,0.725336322869955,0.412405084418566,0.285714285714286
270,909,1.38943894389439,1,3,8,0.755775577557756,0.440258122057818,0.333333333333333
271,899,1.39265850945495,1,3,9,0.746384872080089,0.416014988952216,0.285714285714286
272,904,1.36946902654867,1,3,6,0.756637168141593,0.42787069681353,0.333333333333333
273,845,1.37159763313609,1,3,9,0.750295857988166,0.429305085468075,0.333333333333333
274,885,1.3819209039548,1,3,9,0.751412429378531,0.409604889617879,0.3
275,893,1.3538633818589,1,3,6,0.760358342665174,0.422223457313697,0.333333333333333
276,899,1.38153503893215,1,3,6,0.747497219132369,0.441216894614782,0.333333333333333
277,890,1.36292134831461,1,3,6,0.755056179775281,0.443879341388355,0.333333333333333
278,919,1.3373231773667,1,3,8,0.766050054406964,0.435896032754523,0.333333333333333
279,926,1.38444924406048,1,3,9,0.74622030237581,0.437712329470626,0.333333333333333
280,885,1.41468926553672,1,3,8,0.734463276836158,0.43262386591664,0.333333333333333
281,876,1.40867579908676,1,3,8,0.729452054794521,0.424814963335216,0.285714285714286
282,918,1.38453159041394,1,3,7,0.758169934640523,0.424872589798845,0.333333333333333
283,895,1.39217877094972,1,3,6,0.734078212290503,0.420021825163252,0.333333333333333
284,883,1.37938844847112,1,3,7,0.7519818799547,0.4170911213774,0.285714285714286
285,914,1.43326039387309,1,3,7,0.724288840262582,0.428324630399396,0.333333333333333
286,913,1.34939759036145,1,3,7,0.755750273822563,0.44659006629569,0.333333333333333
287,937,1.38954108858058,1,3,7,0.745997865528282,0.433626995516998,0.333333333333333
288,924,1.3474025974026,1,3,7,0.757575757575758,0.433813712441008,0.333333333333333
289,896,1.3984375,1,3,8,0.7265625,0.425349738658315,0.333333333333333
290,898,1.37973273942094,1,3,7,0.740534521158129,0.413807126295486,0.288690476190476
291,896,1.43303571428571,1,3,11,0.720982142857143,0.438992322855438,0.333333333333333
292,893,1.39417693169093,1,3,9,0.739081746920493,0.410175144506248,0.3
293,875,1.352,1,3,8,0.76,0.410710769253231,0.285714285714286
294,864,1.40393518518519,1,3,6,0.741898148148148,0.422548242966723,0.3
295,927,1.37756202804746,1,3,6,0.75512405609493,0.433778967011283,0.333333333333333
296,902,1.37694013303769,1,3,7,0.751662971175166,0.419345487320536,0.333333333333333
297,885,1.39435028248588,1,3,7,0.737853107344633,0.437537134917524,0.333333333333333
298,887,1.41826381059752,1,3,7,0.726042841037204,0.422652414813728,0.333333333333333
299,915,1.37486338797814,1,3,7,0.753005464480874,0.429661479699466,0.333333333333333
300,890,1.39213483146067,1,3,9,0.751685393258427,0.428320285546148,0.333333333333333
301,915,1.36284153005464,1,3,8,0.751912568306011,0.414968903067445,0.285714285714286
302,872,1.35550458715596,1,3,5,0.746559633027523,0.407219164646882,0.3
303,868,1.37327188940092,1,3,7,0.740783410138249,0.408958905906913,0.285714285714286
304,879,1.41751990898749,1,3,6,0.715585893060296,0.423935151954303,0.333333333333333
305,898,1.34743875278396,1,3,7,0.78173719376392,0.423131736750031,0.333333333333333
306,890,1.3685393258427,1,3,6,0.752808988764045,0.415045321872646,0.333333333333333
307,903,1.40199335548173,1,3,7,0.736434108527132,0.43825857530758,0.333333333333333
308,897,1.42920847268673,1,3,10,0.732441471571906,0.425935651168681,0.333333333333333
309,879,1.35153583617747,1,3,7,0.765642775881684,0.41659466761453,0.333333333333333
310,884,1.38574660633484,1,3,6,0.742081447963801,0.428105744665608,0.333333333333333
311,947,1.40865892291447,1,3,8,0.738120380147835,0.426911454792251,0.333333333333333
312,894,1.40604026845638,1,3,8,0.738255033557047,0.414513731032476,0.285714285714286
313,896,1.40178571428571,1,3,6,0.744419642857143,0.417034459842695,0.285714285714286
314,931,1.3780880773362,1,3,10,0.752953813104189,0.431508000518055,0.333333333333333
315,898,1.39198218262806,1,3,7,0.73162583518931,0.417274631126451,0.333333333333333
316,887,1.36978579481398,1,3,7,0.754227733934611,0.420351938738746,0.333333333333333
317,902,1.41906873614191,1,3,7,0.73059866962306,0.417032447421971,0.3
318,907,1.38257993384785,1,3,6,0.751929437706725,0.433143571065611,0.333333333333333
319,914,1.40700218818381,1,3,7,0.731947483588621,0.413699772296898,0.333333333333333
320,907,1.38257993384785,1,3,6,0.745314222712238,0.425875631583615,0.333333333333333
321,942,1.38110403397028,1,3,7,0.739915074309979,0.439881127795974,0.333333333333333
322,925,1.35891891891892,1,3,7,0.771891891891892,0.431280296395202,0.333333333333333
323,876,1.39611872146119,1,3,7,0.722602739726027,0.423422624439591,0.333333333333333
324,925,1.36108108108108,1,3,7,0.754594594594595,0.435704299966441,0.333333333333333
325,920,1.37934782608696,1,3,9,0.757608695652174,0.420890450681753,0.307692307692308
326,902,1.36474501108647,1,3,5,0.747228381374723,0.428647361636484,0.333333333333333
327,878,1.39179954441913,1,3,6,0.753986332574032,0.422584138113745,0.333333333333333
328,922,1.3644251626898,1,3,6,0.752711496746204,0.404266090210335,0.303846153846154
329,877,1.38540478905359,1,3,7,0.734321550741163,0.421709793672996,0.333333333333333
330,902,1.38137472283814,1,3,8,0.752771618625277,0.421581425927662,0.3
331,883,1.39184597961495,1,3,7,0.734994337485844,0.422723214600007,0.333333333333333
332,909,1.44774477447745,1,3,9,0.723872387238724,0.429379840860998,0.333333333333333
333,925,1.37297297297297,1,3,11,0.757837837837838,0.413870428046659,0.285714285714286
334,857,1.36406067677946,1,3,7,0.752625437572929,0.414635458524307,0.333333333333333
335,914,1.40809628008753,1,3,5,0.733041575492341,0.435653518320997,0.333333333333333
336,924,1.41666666666667,1,3,7,0.71969696969697,0.430041857864903,0.333333333333333
337,927,1.35922330097087,1,3,7,0.756202804746494,0.410065545538647,0.333333333333333
338,916,1.33951965065502,1,3,8,0.769650655021834,0.444540489603585,0.333333333333333
339,890,1.40561797752809,1,3,6,0.744943820224719,0.422875285046801,0.333333333333333
340,899,1.42491657397108,1,3,7,0.733036707452725,0.434361607020109,0.333333333333333
341,902,1.38026607538803,1,3,6,0.739467849223947,0.417579580273434,0.333333333333333
342,884,1.36085972850679,1,3,8,0.753393665158371,0.41350099815457,0.333333333333333
343,970,1.3659793814433,1,3,5,0.742268041237113,0.418538930095809,0.333333333333333
344,918,1.41394335511983,1,3,6,0.751633986928105,0.42988448864907,0.333333333333333
345,907,1.39911797133407,1,3,8,0.749724366041896,0.411144063287721,0.285714285714286
346,896,1.43303571428571,1,3,7,0.7265625,0.430962038352084,0.333333333333333
347,917,1.36859323882225,1,3,6,0.752453653217012,0.431312276091749,0.333333333333333
348,895,1.36983240223464,1,3,7,0.755307262569832,0.422929905510396,0.333333333333333
349,922,1.41973969631236,1,3,8,0.735357917570499,0.424958444478781,0.333333333333333
350,929,1.3799784714747,1,3,7,0.755651237890204,0.422004018239654,0.333333333333333
351,884,1.38800904977376,1,3,7,0.737556561085973,0.415773597436656,0.333333333333333
352,911,1.38638858397366,1,3,8,0.740944017563117,0.426200294251219,0.333333333333333
353,888,1.44707207207207,1,3,6,0.703828828828829,0.430484205281279,0.3
354,919,1.37540805223069,1,3,7,0.751904243743199,0.42803023604031,0.333333333333333
355,885,1.43389830508475,1,3,8,0.72090395480226,0.40872842906613,0.285714285714286
356,876,1.40981735159817,1,3,9,0.738584474885845,0.428066283817292,0.333333333333333
357,886,1.35778781038375,1,3,9,0.769751693002257,0.424079374940877,0.3
358,894,1.38366890380313,1,3,6,0.749440715883669,0.430722468394431,0.333333333333333
359,925,1.40756756756757,1,3,7,0.737297297297297,0.424672580403066,0.333333333333333
360,887,1.38556933483653,1,3,7,0.744081172491544,0.422145279904436,0.333333333333333
361,906,1.36203090507726,1,3,6,0.751655629139073,0.418403039069968,0.292857142857143
362,978,1.36094069529652,1,3,6,0.749488752556237,0.435434127738376,0.333333333333333
363,892,1.44170403587444,1,3,8,0.713004484304933,0.437655071648675,0.333333333333333
364,920,1.39565217391304,1,3,8,0.743478260869565,0.432324791921677,0.333333333333333
365,904,1.35619469026549,1,3,7,0.774336283185841,0.420822362572181,0.333333333333333
366,900,1.43333333333333,1,3,9,0.73,0.438674806426013,0.333333333333333
367,883,1.38618346545866,1,3,7,0.747451868629672,0.424791633677175,0.333333333333333
368,888,1.39414414414414,1,3,6,0.727477477477477,0.412682602768329,0.30625
369,893,1.42329227323628,1,3,8,0.734602463605823,0.431143895212506,0.333333333333333
370,954,1.37211740041929,1,3,8,0.755765199161426,0.442559021396882,0.333333333333333
371,899,1.37819799777531,1,3,6,0.744160177975528,0.423479798888978,0.333333333333333
372,894,1.39261744966443,1,3,9,0.75503355704698,0.432526042115992,0.333333333333333
373,871,1.37198622273249,1,3,9,0.727898966704937,0.409155641655834,0.285714285714286
374,912,1.3859649122807,1,3,5,0.736842105263158,0.433850078134554,0.333333333333333
375,907,1.37816979051819,1,3,7,0.737596471885336,0.433343727921911,0.333333333333333
376,875,1.408,1,3,7,0.730285714285714,0.412243518466353,0.333333333333333
377,906,1.40286975717439,1,3,10,0.727373068432671,0.429378489844359,0.333333333333333
378,910,1.35604395604396,1,3,7,0.768131868131868,0.430912482585225,0.333333333333333
379,920,1.37065217391304,1,3,7,0.757608695652174,0.420181129138772,0.333333333333333
380,870,1.36436781609195,1,3,11,0.76551724137931,0.416297687595209,0.333333333333333
381,946,1.34883720930233,1,3,7,0.771670190274841,0.431108442081672,0.333333333333333
382,901,1.39511653718091,1,3,7,0.741398446170921,0.427443537476226,0.333333333333333
383,874,1.43478260869565,1,3,7,0.723112128146453,0.421015281082374,0.333333333333333
384,899,1.39488320355951,1,3,6,0.743047830923248,0.429943809405708,0.333333333333333
385,891,1.38832772166106,1,3,7,0.732884399551066,0.41455859980528,0.3
386,908,1.39977973568282,1,3,6,0.732378854625551,0.420680718165054,0.333333333333333
387,924,1.39069264069264,1,3,6,0.731601731601732,0.425159087449993,0.333333333333333
388,903,1.36323366555925,1,3,7,0.741971207087486,0.421021636626897,0.333333333333333
389,909,1.38503850385038,1,3,8,0.746974697469747,0.431834273274306,0.333333333333333
390,921,1.40825190010858,1,3,7,0.749185667752443,0.429971943234008,0.333333333333333
391,924,1.3538961038961,1,3,9,0.762987012987013,0.425787372748343,0.333333333333333
392,869,1.36823935558113,1,3,7,0.747986191024166,0.417053606281523,0.333333333333333
393,918,1.38344226579521,1,3,7,0.748366013071895,0.424144600670737,0.333333333333333
394,940,1.39042553191489,1,3,7,0.740425531914894,0.432399525023335,0.333333333333333
395,889,1.44769403824522,1,3,10,0.733408323959505,0.413912288549506,0.333333333333333
396,871,1.39380022962113,1,3,7,0.739380022962112,0.419822708841528,0.333333333333333
397,916,1.39192139737991,1,3,7,0.75,0.439364988602826,0.333333333333333
398,902,1.4079822616408,1,3,8,0.749445676274945,0.426110166787464,0.333333333333333
399,888,1.3490990990991,1,3,8,0.774774774774775,0.407654851048678,0.3
400,894,1.41275167785235,1,3,6,0.728187919463087,0.424753037387531,0.333333333333333
401,883,1.40883352208381,1,3,7,0.73272933182333,0.425999490547834,0.333333333333333
402,909,1.4048404840484,1,3,8,0.743674367436744,0.434411007837105,0.333333333333333
403,892,1.41031390134529,1,3,7,0.743273542600897,0.432459976921682,0.333333333333333
404,854,1.41803278688525,1,3,10,0.717798594847775,0.441470789763891,0.333333333333333
405,888,1.375,1,3,7,0.75,0.408822235772032,0.285714285714286
406,917,1.38713195201745,1,3,7,0.739367502726281,0.439323920728449,0.333333333333333
407,937,1.40448239060832,1,3,7,0.745997865528282,0.424799604341374,0.333333333333333
408,885,1.35932203389831,1,3,8,0.748022598870057,0.435585299371041,0.333333333333333
409,908,1.37775330396476,1,3,7,0.753303964757709,0.425878374893148,0.333333333333333
410,887,1.41939120631342,1,3,8,0.733934611048478,0.430023427672586,0.333333333333333
411,890,1.43258426966292,1,3,9,0.726966292134831,0.435118333645425,0.333333333333333
412,926,1.39956803455724,1,3,9,0.732181425485961,0.425685898497741,0.333333333333333
413,889,1.37907761529809,1,3,6,0.748031496062992,0.422936356150819,0.285714285714286
414,908,1.37224669603524,1,3,8,0.762114537444934,0.430430099950253,0.333333333333333
415,848,1.42570754716981,1,3,7,0.740566037735849,0.410538420325812,0.285714285714286
416,905,1.35801104972376,1,3,7,0.772375690607735,0.422785799584598,0.333333333333333
417,909,1.38613861386139,1,3,9,0.753575357535754,0.415479402257292,0.3125
418,890,1.40561797752809,1,3,9,0.731460674157303,0.424211070520819,0.333333333333333
419,878,1.39521640091116,1,3,8,0.749430523917995,0.423215809563771,0.333333333333333
420,909,1.37513751375138,1,3,7,0.761276127612761,0.420995481689941,0.333333333333333
421,910,1.38241758241758,1,3,8,0.756043956043956,0.416379932778829,0.333333333333333
422,869,1.41657077100115,1,3,7,0.7307249712313,0.410198484244829,0.285714285714286
423,931,1.42105263157895,1,3,7,0.729323308270677,0.442735705932312,0.333333333333333
424,898,1.4075723830735,1,3,7,0.72271714922049,0.433204744750623,0.333333333333333
425,916,1.39082969432314,1,3,7,0.739082969432314,0.441400867924509,0.333333333333333
426,905,1.4121546961326,1,3,9,0.748066298342541,0.436317560674011,0.333333333333333
427,887,1.40022547914318,1,3,10,0.739571589627959,0.420568859340839,0.32
428,885,1.41694915254237,1,3,8,0.736723163841808,0.402523162199629,0.285714285714286
429,888,1.38513513513514,1,3,7,0.745495495495496,0.424789170934408,0.333333333333333
430,918,1.37908496732026,1,3,7,0.733115468409586,0.428872349949217,0.333333333333333
431,888,1.42117117117117,1,3,9,0.751126126126126,0.433656849112337,0.306020066889632
432,883,1.39184597961495,1,3,6,0.757644394110985,0.428486273123121,0.333333333333333
433,924,1.37770562770563,1,3,9,0.757575757575758,0.431942400090212,0.333333333333333
434,865,1.36994219653179,1,3,9,0.753757225433526,0.429877851579764,0.333333333333333
435,902,1.40354767184035,1,3,7,0.736141906873614,0.425964746574679,0.333333333333333
436,887,1.37993235625705,1,3,7,0.756482525366404,0.434397122705894,0.333333333333333
437,918,1.37908496732026,1,3,6,0.750544662309368,0.43251032059042,0.333333333333333
438,873,1.368843069874,1,3,7,0.746849942726231,0.445999668361471,0.333333333333333
439,926,1.35961123110151,1,3,7,0.764578833693304,0.42930138539663,0.333333333333333
440,884,1.37556561085973,1,3,7,0.743212669683258,0.414433367035723,0.292857142857143
441,916,1.36681222707424,1,3,8,0.764192139737991,0.436990085475714,0.333333333333333
442,895,1.43798882681564,1,3,10,0.721787709497207,0.425895702007489,0.333333333333333
443,929,1.38213132400431,1,3,8,0.758880516684607,0.422563953754898,0.333333333333333
444,883,1.36806342015855,1,3,9,0.748584371460929,0.440789228331114,0.333333333333333
445,895,1.44916201117318,1,3,11,0.70391061452514,0.423302783936452,0.333333333333333
446,883,1.41336353340883,1,3,8,0.723669309173273,0.427556903333109,0.333333333333333
447,911,1.39297475301866,1,3,7,0.743139407244786,0.42581756827296,0.333333333333333
448,882,1.38662131519274,1,3,9,0.749433106575964,0.421598850708401,0.322916666666667
449,902,1.37915742793792,1,3,8,0.751662971175166,0.430592840867475,0.333333333333333
450,936,1.37179487179487,1,3,8,0.758547008547009,0.426668570066613,0.333333333333333
451,903,1.43078626799557,1,3,8,0.723145071982281,0.423285955151893,0.333333333333333
452,938,1.37953091684435,1,3,7,0.742004264392324,0.434831072765163,0.333333333333333
453,954,1.38155136268344,1,3,7,0.744234800838574,0.431777037944352,0.333333333333333
454,891,1.37261503928171,1,3,8,0.749719416386083,0.417642830921215,0.285714285714286
455,860,1.38488372093023,1,3,6,0.736046511627907,0.418261915910897,0.333333333333333
456,901,1.41398446170921,1,3,9,0.742508324084351,0.424941120711897,0.333333333333333
457,898,1.38195991091314,1,3,9,0.746102449888641,0.429499518183508,0.333333333333333
458,943,1.39342523860021,1,3,8,0.742311770943796,0.440046109520536,0.333333333333333
459,890,1.39662921348315,1,3,6,0.747191011235955,0.42811339875827,0.333333333333333
460,873,1.38946162657503,1,3,6,0.734249713631157,0.419292500620112,0.307692307692308
461,966,1.33540372670807,1,3,7,0.762939958592132,0.428268619993683,0.333333333333333
462,892,1.40470852017937,1,3,7,0.709641255605381,0.417516227805898,0.333333333333333
463,910,1.40989010989011,1,3,9,0.730769230769231,0.42772278798384,0.333333333333333
464,872,1.38532110091743,1,3,6,0.738532110091743,0.42120765160116,0.333333333333333
465,919,1.35582154515778,1,3,7,0.754080522306855,0.430954915281998,0.333333333333333
466,934,1.40149892933619,1,3,6,0.748394004282655,0.422754361519711,0.333333333333333
467,921,1.37242128121607,1,3,7,0.753528773072747,0.433969333171771,0.333333333333333
468,884,1.38914027149321,1,3,6,0.734162895927602,0.432549778913325,0.333333333333333
469,890,1.35842696629213,1,3,6,0.752808988764045,0.405585408248968,0.333333333333333
470,939,1.39084132055378,1,3,9,0.748668796592119,0.432910752259886,0.333333333333333
471,856,1.3481308411215,1,3,7,0.757009345794392,0.430484067681679,0.333333333333333
472,918,1.37690631808279,1,3,8,0.761437908496732,0.426807329476944,0.333333333333333
473,928,1.39439655172414,1,3,8,0.747844827586207,0.428438759903668,0.333333333333333
474,908,1.35132158590308,1,3,7,0.755506607929515,0.425594088313607,0.333333333333333
475,899,1.3670745272525,1,3,8,0.758620689655172,0.433499684460578,0.333333333333333
476,859,1.41443538998836,1,3,7,0.727590221187427,0.434984788546885,0.333333333333333
477,898,1.38975501113586,1,3,8,0.728285077951002,0.398749520784714,0.285714285714286
478,894,1.43959731543624,1,3,10,0.729306487695749,0.42404287607294,0.333333333333333
479,887,1.40022547914318,1,3,7,0.735062006764374,0.407278731825489,0.307692307692308
480,873,1.39862542955326,1,3,9,0.735395189003436,0.437810068091105,0.333333333333333
481,901,1.35849056603774,1,3,6,0.763596004439512,0.419981424210097,0.333333333333333
482,892,1.41031390134529,1,3,7,0.727578475336323,0.419997909193778,0.3
483,923,1.39219934994583,1,3,8,0.76056338028169,0.433371662064838,0.333333333333333
484,923,1.37703141928494,1,3,6,0.755146262188516,0.4265615051907,0.333333333333333
485,917,1.38822246455834,1,3,8,0.742639040348964,0.437650728805367,0.333333333333333
486,903,1.39867109634551,1,3,7,0.750830564784053,0.422597095809396,0.333333333333333
487,932,1.38841201716738,1,3,10,0.755364806866953,0.426460168931678,0.333333333333333
488,896,1.38058035714286,1,3,6,0.754464285714286,0.417892277869692,0.333333333333333
489,933,1.36655948553055,1,3,8,0.753483386923901,0.43043476137566,0.333333333333333
490,869,1.37284234752589,1,3,7,0.753739930955121,0.410150970077111,0.285714285714286
491,898,1.43763919821826,1,3,7,0.7271714922049,0.42800989393656,0.333333333333333
492,907,1.38809261300992,1,3,10,0.744211686879824,0.427554246723552,0.333333333333333
493,917,1.37622682660851,1,3,8,0.747001090512541,0.4352392267458,0.333333333333333
494,871,1.38461538461538,1,3,8,0.741676234213548,0.433838169406894,0.333333333333333
495,867,1.36908881199539,1,3,7,0.76239907727797,0.426745566981008,0.333333333333333
496,928,1.37715517241379,1,3,8,0.761853448275862,0.424157587921637,0.333333333333333
497,892,1.39686098654709,1,3,6,0.730941704035874,0.424837851677687,0.333333333333333
498,899,1.37374860956618,1,3,6,0.74972191323693,0.432766504991334,0.333333333333333
499,862,1.38283062645012,1,3,7,0.755220417633411,0.413743106008826,0.333333333333333
500,930,1.39784946236559,1,3,8,0.735483870967742,0.427646262704399,0.333333333333333
501,912,1.4155701754386,1,3,8,0.726973684210526,0.431537039283194,0.333333333333333
502,881,1.40635641316686,1,3,10,0.738933030646992,0.429883111186956,0.333333333333333
503,914,1.40481400437637,1,3,6,0.738512035010941,0.426682667660003,0.3
504,883,1.38165345413364,1,3,7,0.753114382785957,0.42279657726803,0.307692307692308
505,931,1.33941997851772,1,3,7,0.76906552094522,0.428205725873629,0.333333333333333
506,891,1.37261503928171,1,3,7,0.753086419753086,0.432738113545007,0.333333333333333
507,952,1.3813025210084,1,3,8,0.755252100840336,0.437683762323557,0.333333333333333
508,913,1.4052573932092,1,3,6,0.736035049288061,0.426440223262503,0.307692307692308
509,911,1.33369923161361,1,3,6,0.770581778265642,0.413399448870943,0.3
510,877,1.42075256556442,1,3,8,0.741163055872292,0.419977143131528,0.333333333333333
511,912,1.35745614035088,1,3,7,0.779605263157895,0.432162163300983,0.333333333333333
512,863,1.36732329084589,1,3,8,0.74739281575898,0.411462396125108,0.285714285714286
513,925,1.34918918918919,1,3,8,0.771891891891892,0.4308625259636,0.333333333333333
514,897,1.38573021181717,1,3,6,0.744704570791527,0.417428908403998,0.333333333333333
515,875,1.36342857142857,1,3,7,0.758857142857143,0.409922517255791,0.285714285714286
516,898,1.39532293986637,1,3,7,0.737193763919822,0.414831486215915,0.32051282051282
517,872,1.39793577981651,1,3,9,0.740825688073395,0.422838656843156,0.333333333333333
518,951,1.38275499474238,1,3,8,0.747634069400631,0.438598498847139,0.333333333333333
519,890,1.38202247191011,1,3,7,0.748314606741573,0.428789135004782,0.333333333333333
520,913,1.36144578313253,1,3,9,0.755750273822563,0.430776997982791,0.333333333333333
521,904,1.42256637168142,1,3,7,0.723451327433628,0.418912534513641,0.333333333333333
522,944,1.40042372881356,1,3,8,0.734110169491525,0.433397327683207,0.333333333333333
523,899,1.36484983314794,1,3,6,0.755283648498332,0.425957699905502,0.333333333333333
524,908,1.35132158590308,1,3,7,0.770925110132159,0.412723111565986,0.333333333333333
525,898,1.35746102449889,1,3,7,0.753897550111359,0.424303353166234,0.333333333333333
526,908,1.3920704845815,1,3,7,0.747797356828194,0.426484117135442,0.285714285714286
527,892,1.3822869955157,1,3,6,0.734304932735426,0.419097425995979,0.3
528,894,1.37919463087248,1,3,7,0.746085011185682,0.415864548605372,0.333333333333333
529,927,1.36461704422869,1,3,6,0.737864077669903,0.420737739204108,0.333333333333333
530,871,1.42365097588978,1,3,8,0.725602755453502,0.398661745359522,0.285714285714286
531,905,1.39889502762431,1,3,11,0.748066298342541,0.417576072176816,0.285714285714286
532,895,1.34860335195531,1,3,7,0.76536312849162,0.425945779208725,0.333333333333333
533,937,1.37673425827108,1,3,10,0.764140875133404,0.42686558752802,0.333333333333333
534,905,1.41657458563536,1,3,8,0.730386740331492,0.429268785810806,0.333333333333333
535,909,1.37733773377338,1,3,7,0.756875687568757,0.430746427931223,0.333333333333333
536,905,1.39226519337017,1,3,6,0.735911602209945,0.416174961390505,0.333333333333333
537,922,1.40780911062907,1,3,9,0.73644251626898,0.444373799117668,0.333333333333333
538,920,1.40434782608696,1,3,8,0.735869565217391,0.432368261308373,0.333333333333333
539,891,1.40291806958474,1,3,9,0.73625140291807,0.406766890514438,0.333333333333333
540,896,1.42633928571429,1,3,7,0.725446428571429,0.435497877434714,0.333333333333333
541,888,1.36486486486486,1,3,6,0.755630630630631,0.414963346744949,0.333333333333333
542,871,1.39380022962113,1,3,6,0.7451205510907,0.411265993139461,0.285714285714286
543,895,1.4122905027933,1,3,7,0.729608938547486,0.435116518403114,0.333333333333333
544,865,1.41040462427746,1,3,6,0.729479768786127,0.444886681858365,0.333333333333333
545,918,1.42047930283224,1,3,8,0.737472766884532,0.41878553892453,0.333333333333333
546,953,1.37460650577125,1,3,7,0.770199370409234,0.451814394832772,0.333333333333333
547,915,1.38688524590164,1,3,10,0.73879781420765,0.434525334276595,0.333333333333333
548,885,1.40112994350282,1,3,7,0.731073446327684,0.42020731495763,0.333333333333333
549,912,1.38377192982456,1,3,6,0.742324561403509,0.442102382540226,0.333333333333333
550,859,1.41443538998836,1,3,9,0.728754365541327,0.428600479453451,0.333333333333333
551,903,1.37430786267996,1,3,8,0.764119601328904,0.424306162443204,0.333333333333333
552,891,1.38047138047138,1,3,7,0.74635241301908,0.434806265088452,0.333333333333333
553,908,1.40638766519824,1,3,8,0.737885462555066,0.41093887631759,0.333333333333333
554,886,1.37810383747178,1,3,7,0.743792325056433,0.416424170078332,0.333333333333333
555,933,1.41371918542337,1,3,9,0.737406216505895,0.437250328716399,0.333333333333333
556,884,1.35746606334842,1,3,8,0.747737556561086,0.415053190883679,0.3
557,887,1.32807215332582,1,3,6,0.773393461104848,0.417335640063941,0.333333333333333
558,901,1.39622641509434,1,3,7,0.746947835738069,0.421700780795992,0.333333333333333
559,866,1.39491916859122,1,3,7,0.739030023094688,0.439555536553196,0.333333333333333
560,882,1.42290249433107,1,3,10,0.727891156462585,0.422270244303551,0.333333333333333
561,880,1.37954545454545,1,3,6,0.744318181818182,0.426486579667539,0.333333333333333
562,867,1.39100346020761,1,3,6,0.742791234140715,0.433902619237029,0.307692307692308
563,899,1.39599555061179,1,3,7,0.739710789766407,0.425460613348072,0.333333333333333
564,882,1.35600907029478,1,3,7,0.748299319727891,0.416805287694954,0.333333333333333
565,911,1.40724478594951,1,3,8,0.74423710208562,0.426686746968286,0.333333333333333
566,866,1.40069284064665,1,3,8,0.733256351039261,0.415258450395227,0.333333333333333
567,939,1.38125665601704,1,3,9,0.762513312034079,0.427762316874057,0.333333333333333
568,895,1.34972067039106,1,3,10,0.770949720670391,0.429864610805118,0.333333333333333
569,867,1.38523644752018,1,3,8,0.743944636678201,0.415452046929693,0.307692307692308
570,897,1.44704570791527,1,3,7,0.707915273132664,0.422780476906771,0.333333333333333
571,875,1.41485714285714,1,3,8,0.729142857142857,0.443605518328104,0.333333333333333
572,875,1.39885714285714,1,3,7,0.732571428571429,0.409017053507318,0.307692307692308
573,872,1.38302752293578,1,3,7,0.744266055045872,0.403503373906778,0.285714285714286
574,874,1.37528604118993,1,3,8,0.754004576659039,0.40671931801477,0.285714285714286
575,903,1.40420819490587,1,3,8,0.736434108527132,0.425423281034733,0.333333333333333
576,859,1.39464493597206,1,3,8,0.745052386495926,0.431649368188441,0.333333333333333
577,870,1.40574712643678,1,3,8,0.742528735632184,0.416467070919904,0.333333333333333
578,914,1.40919037199125,1,3,7,0.733041575492341,0.42552032996796,0.333333333333333
579,912,1.39473684210526,1,3,10,0.737938596491228,0.444143756079064,0.333333333333333
580,931,1.35230934479055,1,3,10,0.762620837808808,0.438542674971515,0.333333333333333
581,900,1.40111111111111,1,3,8,0.734444444444444,0.422064019415753,0.333333333333333
582,915,1.39672131147541,1,3,9,0.739890710382514,0.436037246386418,0.333333333333333
583,916,1.39628820960699,1,3,9,0.747816593886463,0.433882904344693,0.333333333333333
584,902,1.39467849223947,1,3,7,0.748337028824834,0.4286179170355,0.333333333333333
585,897,1.35562987736901,1,3,6,0.764771460423634,0.418845669145226,0.333333333333333
586,936,1.38782051282051,1,3,8,0.75,0.437615453992429,0.333333333333333
587,874,1.46109839816934,1,3,6,0.704805491990847,0.421061437683268,0.333333333333333
588,904,1.39933628318584,1,3,8,0.72787610619469,0.424293212605542,0.333333333333333
589,869,1.41772151898734,1,3,9,0.737629459148446,0.411959649486303,0.333333333333333
590,917,1.38276990185387,1,3,8,0.743729552889858,0.422810182161853,0.333333333333333
591,840,1.4202380952381,1,3,8,0.730952380952381,0.412768680063502,0.285714285714286
592,950,1.37473684210526,1,3,8,0.745263157894737,0.423186042498137,0.333333333333333
593,951,1.40273396424816,1,3,8,0.738170347003155,0.4346030340226,0.333333333333333
594,890,1.39550561797753,1,3,7,0.735955056179775,0.419202645159001,0.285714285714286
595,895,1.3854748603352,1,3,9,0.754189944134078,0.420196094344462,0.333333333333333
596,864,1.40740740740741,1,3,8,0.734953703703704,0.447607955578679,0.333333333333333
597,915,1.40109289617486,1,3,7,0.746448087431694,0.421669213878482,0.333333333333333
598,903,1.37098560354374,1,3,8,0.757475083056478,0.42029413412731,0.333333333333333
599,925,1.40864864864865,1,3,8,0.728648648648649,0.426310635151757,0.333333333333333
600,936,1.32371794871795,1,3,7,0.772435897435897,0.421907528919428,0.333333333333333
601,917,1.36968375136314,1,3,8,0.752453653217012,0.440312423211984,0.333333333333333
602,906,1.37637969094923,1,3,8,0.747240618101545,0.434426217663309,0.333333333333333
603,896,1.41071428571429,1,3,11,0.727678571428571,0.425587842712097,0.3
604,939,1.38125665601704,1,3,7,0.748668796592119,0.417408520062432,0.333333333333333
605,951,1.35015772870662,1,3,8,0.770767613038906,0.418246852231769,0.333333333333333
606,890,1.39662921348315,1,3,8,0.734831460674157,0.414662735882255,0.285714285714286
607,860,1.41395348837209,1,3,6,0.727906976744186,0.415770056088648,0.333333333333333
608,931,1.38775510204082,1,3,8,0.740064446831364,0.438566030883892,0.333333333333333
609,898,1.38307349665924,1,3,6,0.741648106904232,0.425905961367075,0.333333333333333
610,941,1.40170031880978,1,3,8,0.740701381509033,0.436612431350135,0.333333333333333
611,956,1.3755230125523,1,3,8,0.751046025104602,0.426047129200315,0.333333333333333
612,898,1.37416481069042,1,3,7,0.757238307349666,0.427558492229331,0.333333333333333
613,933,1.37942122186495,1,3,7,0.767416934619507,0.433931888182079,0.333333333333333
614,868,1.41589861751152,1,3,6,0.735023041474654,0.425124199229525,0.333333333333333
615,909,1.36743674367437,1,3,7,0.738173817381738,0.433147739589578,0.333333333333333
616,903,1.39202657807309,1,3,7,0.741971207087486,0.434949546081765,0.333333333333333
617,925,1.40864864864865,1,3,8,0.722162162162162,0.443099059413222,0.333333333333333
618,898,1.35077951002227,1,3,7,0.763919821826281,0.430344108635836,0.333333333333333
619,886,1.38148984198646,1,3,7,0.733634311512415,0.424997110113387,0.333333333333333
620,921,1.42345276872964,1,3,8,0.737242128121607,0.420886147710635,0.333333333333333
621,887,1.39909808342728,1,3,9,0.744081172491544,0.422646553352296,0.333333333333333
622,863,1.40208574739282,1,3,11,0.740440324449594,0.420394345701077,0.333333333333333
623,894,1.38255033557047,1,3,8,0.756152125279642,0.435693942329106,0.333333333333333
624,937,1.40021344717183,1,3,7,0.751334044823906,0.428838768743546,0.333333333333333
625,849,1.38751472320377,1,3,9,0.751472320376914,0.416819665328971,0.285714285714286
626,857,1.41306884480747,1,3,7,0.733955659276546,0.432157314825564,0.333333333333333
627,920,1.37065217391304,1,3,5,0.747826086956522,0.412701627374477,0.307692307692308
628,913,1.35049288061336,1,3,9,0.757940854326396,0.423896775613427,0.285714285714286
629,893,1.41321388577828,1,3,11,0.729003359462486,0.419163804551707,0.333333333333333
630,940,1.36276595744681,1,3,6,0.765957446808511,0.427785214719231,0.333333333333333
631,891,1.41189674523008,1,3,10,0.730639730639731,0.438514513333467,0.333333333333333
632,908,1.34691629955947,1,3,6,0.767621145374449,0.419013854641006,0.333333333333333
633,872,1.41284403669725,1,3,6,0.725917431192661,0.418510705682314,0.333333333333333
634,906,1.38962472406181,1,3,7,0.746136865342163,0.422178926782724,0.333333333333333
635,894,1.37136465324385,1,3,10,0.747203579418344,0.423525869618312,0.333333333333333
636,900,1.38444444444444,1,3,10,0.752222222222222,0.426674196737883,0.333333333333333
637,907,1.40793825799338,1,3,9,0.733186328555678,0.431269935936898,0.333333333333333
638,891,1.4006734006734,1,3,7,0.750841750841751,0.438352858898584,0.333333333333333
639,898,1.41425389755011,1,3,7,0.729398663697105,0.450118891750635,0.333333333333333
640,938,1.37420042643923,1,3,6,0.750533049040512,0.423792880990447,0.333333333333333
641,919,1.38084874863983,1,3,7,0.73993471164309,0.426250148447906,0.333333333333333
642,893,1.38633818589026,1,3,6,0.729003359462486,0.418411796598731,0.3
643,879,1.38566552901024,1,3,8,0.750853242320819,0.431348743660418,0.333333333333333
644,883,1.39524348810872,1,3,9,0.747451868629672,0.412763644609619,0.285714285714286
645,928,1.37823275862069,1,3,7,0.756465517241379,0.438905663089986,0.333333333333333
646,914,1.32932166301969,1,3,7,0.762582056892779,0.429942516081138,0.333333333333333
647,902,1.39467849223947,1,3,7,0.729490022172949,0.424414407317969,0.333333333333333
648,892,1.38116591928251,1,3,6,0.752242152466368,0.421612110053931,0.3
649,895,1.3877094972067,1,3,6,0.739664804469274,0.422121453500371,0.333333333333333
650,932,1.38197424892704,1,3,11,0.756437768240343,0.419458682181322,0.333333333333333
651,863,1.40324449594438,1,3,6,0.73928157589803,0.40273029288225,0.285714285714286
652,916,1.38646288209607,1,3,7,0.735807860262009,0.415965544663601,0.333333333333333
653,859,1.39813736903376,1,3,7,0.732246798603027,0.416062747340372,0.285714285714286
654,894,1.36465324384787,1,3,7,0.760626398210291,0.419523699043246,0.333333333333333
655,909,1.41254125412541,1,3,7,0.738173817381738,0.417115979524813,0.3
656,915,1.40437158469945,1,3,7,0.748633879781421,0.432266822143645,0.333333333333333
657,921,1.34419109663409,1,3,9,0.763300760043431,0.427718270851671,0.333333333333333
658,939,1.36847710330138,1,3,7,0.739084132055378,0.441420177751112,0.333333333333333
659,915,1.40655737704918,1,3,9,0.743169398907104,0.422499762449308,0.333333333333333
660,888,1.38288288288288,1,3,7,0.745495495495496,0.439171663354927,0.333333333333333
661,884,1.42307692307692,1,3,9,0.730769230769231,0.433115500741472,0.333333333333333
662,891,1.35914702581369,1,3,6,0.753086419753086,0.428839399329097,0.3
663,896,1.39732142857143,1,3,7,0.743303571428571,0.441032070268204,0.333333333333333
664,860,1.38953488372093,1,3,6,0.736046511627907,0.417681909942822,0.333333333333333
665,938,1.37526652452026,1,3,7,0.748400852878465,0.437534284704474,0.333333333333333
666,901,1.37180910099889,1,3,6,0.752497225305216,0.423480501863323,0.333333333333333
667,899,1.37486095661846,1,3,9,0.758620689655172,0.413701196452508,0.333333333333333
668,898,1.40089086859688,1,3,6,0.733853006681514,0.417298075912501,0.333333333333333
669,892,1.40470852017937,1,3,10,0.745515695067265,0.435656570116063,0.333333333333333
670,909,1.38173817381738,1,3,7,0.74037403740374,0.415588280432823,0.285714285714286
671,913,1.3855421686747,1,3,6,0.739320920043812,0.43333672412482,0.333333333333333
672,882,1.35600907029478,1,3,7,0.760770975056689,0.431170032155271,0.333333333333333
673,891,1.38832772166106,1,3,8,0.739618406285073,0.434846819959687,0.333333333333333
674,876,1.35616438356164,1,3,6,0.761415525114155,0.422217231566109,0.333333333333333
675,900,1.38444444444444,1,3,6,0.742222222222222,0.419120959064166,0.333333333333333
676,877,1.36374002280502,1,3,8,0.75484606613455,0.418881883824021,0.333333333333333
677,875,1.37485714285714,1,3,8,0.750857142857143,0.412964569870152,0.333333333333333
678,894,1.37695749440716,1,3,8,0.74496644295302,0.418822645209995,0.333333333333333
679,916,1.39847161572052,1,3,6,0.725982532751092,0.431736730672813,0.333333333333333
680,899,1.39265850945495,1,3,7,0.739710789766407,0.427936797522848,0.333333333333333
681,874,1.37986270022883,1,3,7,0.750572082379863,0.429831153307734,0.333333333333333
682,924,1.38528138528139,1,3,6,0.751082251082251,0.41665034042564,0.333333333333333
683,887,1.40473506200676,1,3,7,0.741826381059752,0.436441716703419,0.333333333333333
684,873,1.40435280641466,1,3,9,0.728522336769759,0.432106247135472,0.333333333333333
685,897,1.36120401337793,1,3,9,0.758082497212932,0.414664054378757,0.272727272727273
686,883,1.38731596828992,1,3,7,0.740656851642129,0.413816312724364,0.333333333333333
687,912,1.40679824561404,1,3,8,0.75,0.430905544182257,0.333333333333333
688,895,1.39329608938547,1,3,7,0.73854748603352,0.414016558056514,0.333333333333333
689,893,1.37290033594625,1,3,6,0.751399776035834,0.425818998280156,0.333333333333333
690,912,1.38706140350877,1,3,8,0.756578947368421,0.417475349409811,0.333333333333333
691,920,1.37173913043478,1,3,8,0.755434782608696,0.42502712896151,0.333333333333333
692,883,1.42355605889015,1,3,9,0.721404303510759,0.431411189731398,0.333333333333333
693,906,1.35761589403974,1,3,6,0.76158940397351,0.432032445582961,0.333333333333333
694,890,1.4,1,3,10,0.741573033707865,0.420307054512731,0.333333333333333
695,898,1.4109131403118,1,3,7,0.738307349665924,0.418531360662856,0.333333333333333
696,911,1.37870472008782,1,3,7,0.746432491767289,0.42373543460152,0.333333333333333
697,909,1.42024202420242,1,3,9,0.735973597359736,0.417856848766069,0.3
698,896,1.38950892857143,1,3,8,0.736607142857143,0.437657150486949,0.333333333333333
699,893,1.41769316909295,1,3,8,0.734602463605823,0.408931080317626,0.285714285714286
700,941,1.35706695005313,1,3,6,0.763018065887354,0.430437873974395,0.333333333333333
701,890,1.38314606741573,1,3,8,0.750561797752809,0.421803488068197,0.303846153846154
702,940,1.37446808510638,1,3,6,0.745744680851064,0.423834468650334,0.333333333333333
703,923,1.36511375947996,1,3,7,0.754062838569881,0.425534373360291,0.333333333333333
704,898,1.40645879732739,1,3,6,0.73162583518931,0.421413871121049,0.333333333333333
705,895,1.34972067039106,1,3,8,0.763128491620112,0.429902799434723,0.333333333333333
706,887,1.38331454340474,1,3,7,0.753100338218715,0.420287834175695,0.291666666666667
707,911,1.39517014270033,1,3,7,0.746432491767289,0.426898069137217,0.333333333333333
708,895,1.40446927374302,1,3,8,0.741899441340782,0.420869833148137,0.333333333333333
709,914,1.38512035010941,1,3,8,0.735229759299781,0.43686097569085,0.333333333333333
710,888,1.40427927927928,1,3,6,0.726351351351351,0.42574349843755,0.333333333333333
711,894,1.38366890380313,1,3,7,0.743847874720358,0.438577030040358,0.333333333333333
712,917,1.38167938931298,1,3,6,0.749182115594329,0.424654494115546,0.333333333333333
713,941,1.36450584484591,1,3,8,0.747077577045696,0.429355649811158,0.333333333333333
714,909,1.38063806380638,1,3,8,0.752475247524752,0.442490913525642,0.307692307692308
715,892,1.41031390134529,1,3,6,0.723094170403587,0.413025733357982,0.3
716,931,1.37916219119227,1,3,7,0.748657357679914,0.426825730057444,0.333333333333333
717,922,1.38937093275488,1,3,7,0.754880694143167,0.43099417982849,0.333333333333333
718,913,1.3921139101862,1,3,7,0.752464403066813,0.431332007520046,0.333333333333333
719,866,1.40415704387991,1,3,8,0.736720554272517,0.413118733948698,0.333333333333333
720,902,1.3780487804878,1,3,8,0.737250554323725,0.428270919164147,0.333333333333333
721,917,1.38931297709924,1,3,9,0.750272628135224,0.435349385323848,0.333333333333333
722,926,1.40172786177106,1,3,6,0.736501079913607,0.427633264330855,0.333333333333333
723,844,1.40284360189573,1,3,6,0.7239336492891,0.419566674249284,0.3
724,880,1.37613636363636,1,3,10,0.753409090909091,0.422162437341137,0.333333333333333
725,866,1.40646651270208,1,3,11,0.729792147806005,0.408962114344601,0.333333333333333
726,934,1.38543897216274,1,3,9,0.755888650963597,0.422755736515973,0.333333333333333
727,890,1.40112359550562,1,3,12,0.755056179775281,0.427526614673016,0.333333333333333
728,857,1.3512252042007,1,3,8,0.756126021003501,0.409791959769204,0.285714285714286
729,886,1.40857787810384,1,3,9,0.739277652370203,0.411800256604235,0.333333333333333
730,917,1.40676117775354,1,3,7,0.740458015267176,0.421861093234543,0.333333333333333
731,868,1.3721198156682,1,3,7,0.759216589861751,0.432454817004595,0.333333333333333
732,886,1.42099322799097,1,3,10,0.727990970654628,0.432147682842481,0.333333333333333
733,925,1.39027027027027,1,3,7,0.742702702702703,0.42038410150535,0.333333333333333
734,924,1.32900432900433,1,3,10,0.781385281385281,0.408288112144423,0.333333333333333
735,938,1.39232409381663,1,3,7,0.747334754797441,0.418064915862881,0.333333333333333
736,913,1.37020810514786,1,3,6,0.745892661555312,0.43223927686579,0.333333333333333
737,890,1.3752808988764,1,3,7,0.733707865168539,0.423439087071227,0.333333333333333
738,885,1.41016949152542,1,3,7,0.738983050847458,0.410025334470851,0.333333333333333
739,915,1.3792349726776,1,3,7,0.757377049180328,0.432191032137911,0.333333333333333
740,880,1.31704545454545,1,3,6,0.778409090909091,0.418734475922542,0.285714285714286
741,916,1.36353711790393,1,3,7,0.744541484716157,0.421359202388143,0.333333333333333
742,935,1.38181818181818,1,3,9,0.746524064171123,0.427301860267708,0.333333333333333
743,870,1.43218390804598,1,3,10,0.718390804597701,0.423622694959609,0.333333333333333
744,905,1.40552486187845,1,3,8,0.739226519337017,0.442840911368875,0.333333333333333
745,884,1.39253393665158,1,3,6,0.740950226244344,0.433880058202501,0.32051282051282
746,906,1.37637969094923,1,3,7,0.751655629139073,0.423685483944204,0.333333333333333
747,902,1.36807095343681,1,3,9,0.749445676274945,0.415845734354469,0.333333333333333
748,895,1.4,1,3,7,0.749720670391061,0.42826871345279,0.333333333333333
749,866,1.40415704387991,1,3,6,0.741339491916859,0.418697670845749,0.297058823529412
750,896,1.36495535714286,1,3,6,0.739955357142857,0.434904991824061,0.333333333333333
751,872,1.4105504587156,1,3,7,0.730504587155963,0.414966926408849,0.333333333333333
752,913,1.40416210295728,1,3,6,0.731653888280394,0.435842209861217,0.333333333333333
753,909,1.37843784378438,1,3,9,0.748074807480748,0.428396135021102,0.333333333333333
754,922,1.36984815618221,1,3,8,0.749457700650759,0.432315955706674,0.333333333333333
755,875,1.38057142857143,1,3,7,0.746285714285714,0.437904960277694,0.333333333333333
756,907,1.34288864388093,1,3,9,0.762954796030871,0.416608718703617,0.333333333333333
757,888,1.44594594594595,1,3,8,0.720720720720721,0.443309100230585,0.333333333333333
758,926,1.39848812095032,1,3,7,0.739740820734341,0.438153478240561,0.333333333333333
759,881,1.40976163450624,1,3,7,0.715096481271283,0.424827751219808,0.333333333333333
760,910,1.41208791208791,1,3,11,0.72967032967033,0.436590288361901,0.333333333333333
761,899,1.42046718576196,1,3,7,0.71523915461624,0.432321860206156,0.333333333333333
762,899,1.39488320355951,1,3,7,0.753058954393771,0.422867927551703,0.333333333333333
763,883,1.38052095130238,1,3,10,0.754246885617214,0.441307405565353,0.3
764,935,1.38609625668449,1,3,7,0.736898395721925,0.428570611747862,0.333333333333333
765,907,1.37265711135612,1,3,7,0.751929437706725,0.439285665788199,0.333333333333333
766,898,1.4086859688196,1,3,6,0.736080178173719,0.435047907126092,0.333333333333333
767,884,1.40723981900452,1,3,8,0.760180995475113,0.421055780426625,0.333333333333333
768,918,1.38344226579521,1,3,7,0.753812636165577,0.43062087721497,0.333333333333333
769,910,1.37802197802198,1,3,7,0.747252747252747,0.439536050688777,0.333333333333333
770,907,1.39250275633958,1,3,10,0.743109151047409,0.436071806443018,0.333333333333333
771,895,1.35977653631285,1,3,6,0.740782122905028,0.427175449056102,0.333333333333333
772,892,1.37556053811659,1,3,8,0.751121076233184,0.420183499106366,0.333333333333333
773,921,1.39847991313789,1,3,8,0.727470141150923,0.424247864826776,0.333333333333333
774,958,1.3705636743215,1,3,8,0.746346555323591,0.420253127523027,0.333333333333333
775,893,1.36506159014558,1,3,7,0.762597984322508,0.417925346898711,0.333333333333333
776,933,1.38049303322615,1,3,6,0.7491961414791,0.437904933950467,0.333333333333333
777,870,1.42298850574713,1,3,6,0.709195402298851,0.416467632749832,0.333333333333333
778,897,1.37458193979933,1,3,8,0.763656633221851,0.419374846129098,0.333333333333333
779,881,1.38819523269012,1,3,8,0.738933030646992,0.430426129211969,0.333333333333333
780,895,1.33854748603352,1,3,6,0.756424581005587,0.429010425192478,0.333333333333333
781,877,1.37970353477765,1,3,7,0.741163055872292,0.422311279356965,0.333333333333333
782,893,1.39305711086226,1,3,8,0.74468085106383,0.424465818643266,0.333333333333333
783,898,1.35968819599109,1,3,6,0.758351893095768,0.424824235388616,0.333333333333333
784,885,1.3864406779661,1,3,10,0.749152542372881,0.426294173856239,0.307692307692308
785,931,1.36949516648765,1,3,5,0.742212674543502,0.452048788099751,0.333333333333333
786,936,1.41239316239316,1,3,6,0.723290598290598,0.439220244401301,0.333333333333333
787,897,1.41694537346711,1,3,11,0.73355629877369,0.432258116546778,0.333333333333333
788,865,1.40115606936416,1,3,7,0.732947976878613,0.419748809437132,0.3
789,926,1.40928725701944,1,3,7,0.73866090712743,0.420130155616932,0.333333333333333
790,940,1.38510638297872,1,3,6,0.756382978723404,0.422785079749413,0.297058823529412
791,911,1.38638858397366,1,3,7,0.737650933040615,0.423308163123308,0.333333333333333
792,890,1.41910112359551,1,3,6,0.726966292134831,0.437656888845798,0.333333333333333
793,864,1.38425925925926,1,3,8,0.744212962962963,0.431485959548795,0.333333333333333
794,871,1.36739380022962,1,3,6,0.746268656716418,0.414860125037109,0.333333333333333
795,914,1.39277899343545,1,3,6,0.74398249452954,0.421057258515267,0.3
796,922,1.38611713665944,1,3,8,0.745119305856833,0.435248050006973,0.333333333333333
797,868,1.40322580645161,1,3,7,0.731566820276498,0.415032388215575,0.3
798,886,1.4176072234763,1,3,9,0.72234762979684,0.419067526709244,0.333333333333333
799,864,1.40046296296296,1,3,9,0.737268518518518,0.424502744631516,0.333333333333333
800,895,1.3731843575419,1,3,7,0.753072625698324,0.437001003603883,0.333333333333333
801,913,1.38444687842278,1,3,7,0.75684556407448,0.414912974242527,0.333333333333333
802,870,1.38045977011494,1,3,6,0.741379310344828,0.419483475683536,0.3
803,885,1.3909604519774,1,3,7,0.727683615819209,0.424026958642232,0.333333333333333
804,907,1.4090407938258,1,3,6,0.732083792723264,0.429518334305151,0.333333333333333
805,896,1.4375,1,3,8,0.736607142857143,0.411417821325723,0.3
806,877,1.34093500570125,1,3,6,0.775370581527936,0.423503150985513,0.285714285714286
807,878,1.35649202733485,1,3,7,0.759681093394077,0.424712951576216,0.333333333333333
808,870,1.39195402298851,1,3,8,0.750574712643678,0.417729412084258,0.306020066889632
809,897,1.40914158305463,1,3,11,0.740245261984392,0.43991849080037,0.333333333333333
810,882,1.42063492063492,1,3,10,0.740362811791383,0.424995989673321,0.333333333333333
811,870,1.39080459770115,1,3,10,0.732183908045977,0.414107667930445,0.297058823529412
812,921,1.39956568946797,1,3,8,0.745928338762215,0.435313968076585,0.333333333333333
813,913,1.40087623220153,1,3,6,0.721796276013143,0.429287687994174,0.333333333333333
814,932,1.36158798283262,1,3,6,0.761802575107296,0.446354280711097,0.333333333333333
815,890,1.41910112359551,1,3,7,0.721348314606742,0.438268701920861,0.333333333333333
816,870,1.42068965517241,1,3,6,0.729885057471264,0.418476121852278,0.333333333333333
817,885,1.4045197740113,1,3,7,0.741242937853107,0.440302307589696,0.333333333333333
818,936,1.37713675213675,1,3,6,0.754273504273504,0.426589056414862,0.333333333333333
819,932,1.37017167381974,1,3,7,0.734978540772532,0.42396487605684,0.333333333333333
820,882,1.37301587301587,1,3,8,0.749433106575964,0.430861288888811,0.333333333333333
821,889,1.42857142857143,1,3,11,0.726659167604049,0.429718046833804,0.333333333333333
822,905,1.36685082872928,1,3,7,0.74475138121547,0.421089542373351,0.333333333333333
823,931,1.35875402792696,1,3,8,0.750805585392052,0.423005506907603,0.333333333333333
824,885,1.40225988700565,1,3,9,0.742372881355932,0.425113940569479,0.3
825,907,1.41014332965821,1,3,9,0.725468577728776,0.414726808364096,0.333333333333333
826,851,1.44418331374853,1,3,8,0.717978848413631,0.399512800869776,0.285714285714286
827,886,1.3510158013544,1,3,7,0.774266365688488,0.425836420944128,0.333333333333333
828,922,1.34490238611714,1,3,6,0.749457700650759,0.428363188718279,0.333333333333333
829,917,1.37186477644493,1,3,7,0.747001090512541,0.428378064660679,0.333333333333333
830,920,1.35,1,3,8,0.765217391304348,0.418174774792215,0.285714285714286
831,892,1.36547085201794,1,3,7,0.753363228699552,0.420917138687417,0.333333333333333
832,917,1.44929116684842,1,3,7,0.725190839694656,0.430561673808815,0.333333333333333
833,856,1.39252336448598,1,3,7,0.728971962616822,0.414063839639935,0.333333333333333
834,898,1.39866369710468,1,3,10,0.748329621380846,0.435703955568561,0.333333333333333
835,933,1.33333333333333,1,3,8,0.769560557341908,0.440681642557699,0.333333333333333
836,933,1.40836012861736,1,3,7,0.728831725616292,0.434956132356951,0.333333333333333
837,903,1.38427464008859,1,3,8,0.736434108527132,0.415737510478265,0.333333333333333
838,890,1.41011235955056,1,3,7,0.732584269662921,0.438062248336029,0.333333333333333
839,881,1.37343927355278,1,3,7,0.745743473325766,0.420134464881835,0.333333333333333
840,897,1.38238573021182,1,3,7,0.749163879598662,0.424638633373135,0.333333333333333
841,915,1.40327868852459,1,3,7,0.73879781420765,0.452062650281817,0.333333333333333
842,908,1.36563876651982,1,3,9,0.776431718061674,0.415517207984604,0.285714285714286
843,897,1.37346711259755,1,3,6,0.74247491638796,0.431539539392853,0.285714285714286
844,875,1.38514285714286,1,3,6,0.744,0.42814508929356,0.333333333333333
845,884,1.36538461538462,1,3,7,0.755656108597285,0.433717316499397,0.333333333333333
846,878,1.40660592255125,1,3,6,0.742596810933941,0.416574283515115,0.285714285714286
847,903,1.38981173864895,1,3,8,0.74640088593577,0.414999488875427,0.333333333333333
848,926,1.38876889848812,1,3,5,0.747300215982721,0.422255539943716,0.333333333333333
849,895,1.36983240223464,1,3,8,0.753072625698324,0.418999206511697,0.307692307692308
850,894,1.3668903803132,1,3,7,0.74496644295302,0.403438424506116,0.285714285714286
851,940,1.40851063829787,1,3,9,0.728723404255319,0.423909030292177,0.333333333333333
852,889,1.39932508436445,1,3,6,0.724409448818898,0.428524146241172,0.333333333333333
853,969,1.3859649122807,1,3,7,0.751289989680083,0.449213887986163,0.333333333333333
854,896,1.38950892857143,1,3,6,0.735491071428571,0.429594116567416,0.333333333333333
855,940,1.42021276595745,1,3,7,0.729787234042553,0.434445680519715,0.333333333333333
856,896,1.38950892857143,1,3,7,0.756696428571429,0.43659442663915,0.333333333333333
857,951,1.36277602523659,1,3,7,0.753943217665615,0.440654123127831,0.333333333333333
858,901,1.4284128745838,1,3,7,0.725860155382908,0.42497891371046,0.333333333333333
859,882,1.39569160997732,1,3,7,0.757369614512472,0.433884108163868,0.333333333333333
860,888,1.38626126126126,1,3,6,0.734234234234234,0.423763921784916,0.333333333333333
861,898,1.39198218262806,1,3,7,0.748329621380846,0.416301573319374,0.333333333333333
862,884,1.40384615384615,1,3,6,0.742081447963801,0.438217754437866,0.333333333333333
863,906,1.3598233995585,1,3,6,0.758278145695364,0.426965153525685,0.333333333333333
864,868,1.38133640552995,1,3,7,0.723502304147465,0.429138168229959,0.333333333333333
865,926,1.35529157667387,1,3,9,0.757019438444924,0.43643928785601,0.333333333333333
866,896,1.38616071428571,1,3,10,0.732142857142857,0.421027073103178,0.333333333333333
867,897,1.3701226309922,1,3,6,0.74247491638796,0.424603394520511,0.333333333333333
868,905,1.38453038674033,1,3,7,0.758011049723757,0.440218709640546,0.307692307692308
869,925,1.3772972972973,1,3,6,0.75027027027027,0.426936959768116,0.333333333333333
870,865,1.39884393063584,1,3,7,0.735260115606936,0.425877929333561,0.333333333333333
871,877,1.34321550741163,1,3,7,0.765108323831243,0.433195588373037,0.333333333333333
872,889,1.392575928009,1,3,7,0.735658042744657,0.439906823236035,0.333333333333333
873,879,1.40159271899886,1,3,7,0.736063708759955,0.412641584169525,0.333333333333333
874,880,1.36704545454545,1,3,6,0.753409090909091,0.429657794929014,0.333333333333333
875,882,1.36054421768707,1,3,8,0.746031746031746,0.440922815397521,0.333333333333333
876,903,1.38648947951274,1,3,9,0.747508305647841,0.418308305040785,0.333333333333333
877,921,1.39196525515744,1,3,7,0.730727470141151,0.43720552644773,0.333333333333333
878,909,1.3993399339934,1,3,8,0.738173817381738,0.416461124525113,0.333333333333333
879,905,1.41546961325967,1,3,6,0.733701657458564,0.435125315720405,0.333333333333333
880,913,1.40087623220153,1,3,10,0.752464403066813,0.439176765556478,0.333333333333333
881,910,1.38241758241758,1,3,6,0.730769230769231,0.435267876997409,0.333333333333333
882,896,1.40848214285714,1,3,9,0.744419642857143,0.413746031259521,0.333333333333333
883,869,1.44533947065593,1,3,6,0.727272727272727,0.415329031176982,0.3
884,939,1.38764643237487,1,3,7,0.752928647497338,0.426071391401312,0.333333333333333
885,903,1.41306755260244,1,3,10,0.727574750830565,0.423058859119575,0.333333333333333
886,883,1.39524348810872,1,3,8,0.733861834654587,0.434016213861567,0.333333333333333
887,892,1.39686098654709,1,3,7,0.736547085201794,0.425155795367666,0.333333333333333
888,924,1.41341991341991,1,3,7,0.733766233766234,0.437995643638772,0.333333333333333
889,887,1.37993235625705,1,3,8,0.749718151071026,0.407940068753392,0.285714285714286
890,891,1.41414141414141,1,3,8,0.723905723905724,0.414198436760585,0.333333333333333
891,879,1.34926052332196,1,3,8,0.763367463026166,0.410716877871103,0.333333333333333
892,880,1.40568181818182,1,3,7,0.720454545454545,0.420452079470905,0.333333333333333
893,876,1.36986301369863,1,3,8,0.756849315068493,0.418543005759025,0.333333333333333
894,874,1.37757437070938,1,3,6,0.74370709382151,0.427701953238483,0.333333333333333
895,898,1.39309576837416,1,3,8,0.743875278396437,0.42645575608071,0.333333333333333
896,918,1.41938997821351,1,3,9,0.722222222222222,0.429078186412328,0.333333333333333
897,894,1.40939597315436,1,3,6,0.731543624161074,0.427852452104937,0.333333333333333
898,895,1.37765363128492,1,3,8,0.748603351955307,0.426243399017976,0.333333333333333
899,901,1.42952275249723,1,3,7,0.726970033296337,0.421440737198711,0.333333333333333
900,947,1.38014783526927,1,3,8,0.746568109820486,0.435895488694735,0.333333333333333
901,896,1.38616071428571,1,3,8,0.736607142857143,0.43096135960835,0.333333333333333
902,884,1.38235294117647,1,3,7,0.747737556561086,0.41995550332139,0.333333333333333
903,946,1.38266384778013,1,3,7,0.747357293868922,0.431341206697263,0.333333333333333
904,911,1.41053787047201,1,3,9,0.729967069154775,0.429302438492611,0.333333333333333
905,894,1.37248322147651,1,3,7,0.733780760626398,0.422601003438401,0.333333333333333
906,889,1.38920134983127,1,3,7,0.733408323959505,0.417642819674211,0.3
907,895,1.44581005586592,1,3,10,0.725139664804469,0.432472301170837,0.333333333333333
908,908,1.34471365638767,1,3,6,0.752202643171806,0.420820760883212,0.333333333333333
909,858,1.38578088578089,1,3,8,0.744755244755245,0.413948638220359,0.285714285714286
910,851,1.42303172737955,1,3,10,0.732079905992949,0.441404354583216,0.333333333333333
911,916,1.33624454148472,1,3,6,0.766375545851528,0.439098354389334,0.333333333333333
912,924,1.38528138528139,1,3,7,0.755411255411255,0.440577287908311,0.333333333333333
913,852,1.4037558685446,1,3,7,0.737089201877934,0.400886756550241,0.272727272727273
914,904,1.39933628318584,1,3,6,0.736725663716814,0.421285954154727,0.333333333333333
915,907,1.40573318632856,1,3,7,0.750826901874311,0.418715598148547,0.333333333333333
916,890,1.3685393258427,1,3,6,0.751685393258427,0.428310704192225,0.333333333333333
917,896,1.40848214285714,1,3,6,0.734375,0.435252837814217,0.333333333333333
918,835,1.39640718562874,1,3,7,0.738922155688623,0.417514918743671,0.285714285714286
919,881,1.39841089670829,1,3,6,0.732122587968218,0.433275389610896,0.333333333333333
920,910,1.41318681318681,1,3,9,0.735164835164835,0.417090574340763,0.307692307692308
921,893,1.41881298992161,1,3,7,0.727883538633819,0.421616878622106,0.333333333333333
922,914,1.39496717724289,1,3,7,0.730853391684901,0.429418450256001,0.333333333333333
923,897,1.37904124860647,1,3,10,0.739130434782609,0.426710458406509,0.333333333333333
924,879,1.39704209328783,1,3,8,0.739476678043231,0.412561648918545,0.333333333333333
925,901,1.38401775804661,1,3,7,0.738068812430633,0.418024312390621,0.333333333333333
926,879,1.37542662116041,1,3,6,0.753128555176337,0.408282845604056,0.3
927,912,1.37719298245614,1,3,8,0.746710526315789,0.434257687794367,0.333333333333333
928,875,1.39085714285714,1,3,8,0.753142857142857,0.414839009015544,0.285714285714286
929,896,1.39397321428571,1,3,6,0.736607142857143,0.406957829658,0.285714285714286
930,907,1.37045203969129,1,3,8,0.761852260198456,0.423034431483563,0.333333333333333
931,875,1.38857142857143,1,3,9,0.752,0.423240679572979,0.333333333333333
932,888,1.41328828828829,1,3,9,0.726351351351351,0.432994988195464,0.333333333333333
933,886,1.38713318284424,1,3,7,0.756207674943567,0.433887675870002,0.333333333333333
934,896,1.36830357142857,1,3,7,0.75,0.439595237581942,0.333333333333333
935,885,1.42937853107345,1,3,9,0.731073446327684,0.415976267141817,0.333333333333333
936,909,1.39053905390539,1,3,9,0.743674367436744,0.437897755688479,0.333333333333333
937,901,1.36071032186459,1,3,5,0.760266370699223,0.414930524738457,0.333333333333333
938,916,1.39410480349345,1,3,7,0.735807860262009,0.408289997566308,0.285714285714286
939,928,1.43534482758621,1,3,9,0.714439655172414,0.423323917966934,0.333333333333333
940,914,1.34245076586433,1,3,6,0.765864332603939,0.42397227176851,0.333333333333333
941,893,1.4053751399776,1,3,8,0.745800671892497,0.428610866502708,0.333333333333333
942,906,1.41059602649007,1,3,7,0.72075055187638,0.415694678943499,0.333333333333333
943,935,1.35401069518717,1,3,10,0.766844919786096,0.417107333669853,0.3
944,950,1.39473684210526,1,3,6,0.735789473684211,0.430693435234477,0.333333333333333
945,948,1.40295358649789,1,3,10,0.746835443037975,0.43477805576272,0.333333333333333
946,874,1.42906178489703,1,3,6,0.731121281464531,0.405616093764498,0.3
947,907,1.37486218302095,1,3,6,0.742006615214994,0.433150796517315,0.3
948,906,1.37748344370861,1,3,9,0.762693156732892,0.43921908128153,0.333333333333333
949,868,1.3778801843318,1,3,5,0.743087557603687,0.409322707036986,0.3
950,885,1.4316384180791,1,3,9,0.734463276836158,0.402404221401871,0.307692307692308
951,898,1.36748329621381,1,3,7,0.744988864142539,0.419354824972284,0.333333333333333
952,961,1.36524453694069,1,3,6,0.744016649323621,0.422410513617521,0.333333333333333
953,912,1.40679824561404,1,3,7,0.728070175438597,0.422945193467023,0.333333333333333
954,912,1.4155701754386,1,3,6,0.730263157894737,0.431123696075308,0.333333333333333
955,906,1.45805739514349,1,3,9,0.708609271523179,0.432766471347129,0.333333333333333
956,890,1.35280898876404,1,3,6,0.764044943820225,0.41446502207102,0.3
957,923,1.35752979414951,1,3,5,0.763813651137595,0.43908559564167,0.333333333333333
958,881,1.37797956867196,1,3,7,0.740068104426788,0.415964424593311,0.333333333333333
959,869,1.38665132336018,1,3,7,0.738780207134638,0.410756215925814,0.285714285714286
960,863,1.36964078794902,1,3,6,0.748551564310545,0.426358120338839,0.333333333333333
961,923,1.36619718309859,1,3,7,0.757313109425785,0.438266120229594,0.333333333333333
962,927,1.38942826321467,1,3,6,0.745415318230852,0.425318053089447,0.333333333333333
963,860,1.42906976744186,1,3,7,0.732558139534884,0.421261897219764,0.324561403508772
964,915,1.33989071038251,1,3,5,0.778142076502732,0.430113765939093,0.333333333333333
965,868,1.37672811059908,1,3,8,0.752304147465438,0.4100792758001,0.25
966,905,1.37790055248619,1,3,6,0.748066298342541,0.427617606382802,0.333333333333333
967,933,1.40621650589496,1,3,9,0.737406216505895,0.426495379176786,0.333333333333333
968,911,1.40175631174533,1,3,7,0.747530186608123,0.435296845447354,0.333333333333333
969,894,1.40044742729306,1,3,7,0.748322147651007,0.42067740045376,0.333333333333333
970,889,1.41394825646794,1,3,7,0.735658042744657,0.415681719570958,0.285714285714286
971,928,1.36745689655172,1,3,6,0.757543103448276,0.4259928582162,0.333333333333333
972,913,1.39320920043812,1,3,8,0.738225629791895,0.435277677932184,0.333333333333333
973,900,1.38666666666667,1,3,9,0.751111111111111,0.421935778760955,0.333333333333333
974,883,1.38391845979615,1,3,6,0.741789354473386,0.429173636120626,0.333333333333333
975,848,1.40919811320755,1,3,7,0.742924528301887,0.407555109341959,0.292857142857143
976,901,1.3984461709212,1,3,8,0.736958934517203,0.430787641796588,0.333333333333333
977,884,1.3552036199095,1,3,8,0.757918552036199,0.41102128016822,0.285714285714286
978,924,1.3982683982684,1,3,8,0.734848484848485,0.431216092979486,0.333333333333333
979,921,1.39630836047774,1,3,10,0.760043431053203,0.433744299444215,0.333333333333333
980,897,1.37904124860647,1,3,7,0.749163879598662,0.415547389437933,0.333333333333333
981,890,1.41685393258427,1,3,8,0.717977528089888,0.413532963562527,0.333333333333333
982,903,1.38981173864895,1,3,6,0.740863787375415,0.422773311555454,0.3
983,891,1.39955106621773,1,3,8,0.74635241301908,0.416991646413726,0.333333333333333
984,929,1.35844994617869,1,3,8,0.764262648008611,0.426052664497124,0.333333333333333
985,928,1.35883620689655,1,3,6,0.74676724137931,0.433420756739416,0.333333333333333
986,916,1.37554585152838,1,3,8,0.743449781659389,0.434201821840037,0.333333333333333
987,917,1.36750272628135,1,3,7,0.748091603053435,0.419055422259389,0.333333333333333
988,890,1.39775280898876,1,3,8,0.744943820224719,0.42809136477409,0.333333333333333
989,921,1.36590662323561,1,3,6,0.742671009771987,0.434130502788247,0.333333333333333
990,913,1.37787513691128,1,3,11,0.75684556407448,0.42362060919263,0.3
991,915,1.36502732240437,1,3,7,0.753005464480874,0.424904682290643,0.318181818181818
992,928,1.40193965517241,1,3,10,0.74676724137931,0.412059222321157,0.333333333333333
993,919,1.40587595212187,1,3,7,0.746463547334059,0.424394388311897,0.333333333333333
994,902,1.40576496674058,1,3,11,0.74390243902439,0.432334846815682,0.333333333333333
995,906,1.39403973509934,1,3,7,0.741721854304636,0.432861539080216,0.333333333333333
996,893,1.39977603583427,1,3,7,0.730123180291153,0.424827379542747,0.333333333333333
997,880,1.39090909090909,1,3,7,0.746590909090909,0.420356358266561,0.333333333333333
998,903,1.39091915836102,1,3,8,0.749723145071982,0.415049028992398,0.333333333333333
999,913,1.40854326396495,1,3,7,0.743702081051479,0.440932046066026,0.333333333333333
1000,930,1.37204301075269,1,3,6,0.761290322580645,0.438388594767016,0.333333333333333
